Workbook

Sheet Statistics
A1: Section | B1: Publication Date | C1: Album | D1: Song Count
A2: 1990-1999 | B2: 1988 | C2: Spirit and Truth | D2: 11
B3: 1990 | C3: Show Your Glory | D3: 14
B4: 1992 | C4: The Power of Your Love | D4: 16
B5: 1993 | C5: Stone's Been Rolled Away | D5: 14
B6: 1994 | C6: People Just Like Us | D6: 14
B7: 1995 | C7: Friends in High Places | D7: 15
B8: 1996 | C8: God Is in the House | D8: 15
B9: 1997 | C9: All Things Are Possible | D9: 15
B10: 1998 | C10: Touching Heaven Changing Earth | D10: 15
B11: 1999 | C11: By Your Side | D11: 14 | E11: =SUM(D2:D11) -> 143
A12: 2000-2009 | B12: 2000 | C12: For This Cause | D12: 14
B13: 2001 | C13: You Are My World | D13: 13
B14: 2002 | C14: Blessed | D14: 14
B15: 2003 | C15: Hope | D15: 18
B16: 2004 | C16: For All You've Done | D16: 15
B17: 2005 | C17: God He Reigns | D17: 15
B18: 2006 | C18: Mighty to Save | D18: 14
B19: 2007 | C19: Saviour King | D19: 14
B20: 2008 | C20: This Is Our God | D20: 16
B21: 2009 | C21: Faith + Hope + Love | D21: 13 | E21: =SUM(D12:D21) -> 146
A22: 2010-2020 | B22: 2010 | C22: A Beautiful Exchange | D22: 13
B23: 2011 | C23: God Is Able | D23: 13
B24: 2012 | C24: Cornerstone | D24: 13
B25: 2013 | C25: Glorious Ruins | D25: 11
B26: 2014 | C26: No Other Name | D26: 11
B27: 2015 | C27: Open Heaven / River Wild | D27: 12
B28: 2016 | C28: Let There Be Light | D28: 12
B29: 2017 | C29: The Peace Project | D29: 12
B30: 2018 | C30: There Is More | D30: 12
B31: 2019 | C31: Awake | D31: 15
B32: 2020 | C32: Take Heart (Again) | D32: 12 | E32: =SUM(D22:D32) -> 136

Sheet Albums
A1: # | B1: Year | C1: Title | D1: Tracks | E1: In List? | F1: Band | G1: Type | H1: Category | I1: Exclude | J1: AlbumArt | K1: Notes
A2: 1 | B2: 1988 | C2: Spirit and Truth | D2: 11 | E2: =IF(COUNTIF(Songs!$C:$C,C2)>0,"","NO") | F2: Worship | G2: Studio | J2: Other
A3: 2 | B3: 1990 | C3: Show Your Glory | D3: 14 | E3: =IF(COUNTIF(Songs!$C:$C,C3)>0,"","NO") | F3: Worship | G3: Studio | J3: Other
A4: 3 | B4: 1992 | C4: The Power of Your Love | D4: 16 | E4: =IF(COUNTIF(Songs!$C:$C,C4)>0,"","NO") | F4: Worship | G4: Live | J4: Other
A5: 4 | B5: 1993 | C5: Stone's Been Rolled Away | D5: 14 | E5: =IF(COUNTIF(Songs!$C:$C,C5)>0,"","NO") | F5: Worship | G5: Live | J5: Other
A6: 5 | B6: 1994 | C6: People Just Like Us | D6: 14 | E6: =IF(COUNTIF(Songs!$C:$C,C6)>0,"","NO") | F6: Worship | G6: Live | J6: YES
A7: 6 | B7: 1995 | C7: Friends in High Places | D7: 15 | E7: =IF(COUNTIF(Songs!$C:$C,C7)>0,"","NO") | F7: Worship | G7: Live | J7: YES
A8: 7 | B8: 1996 | C8: God Is in the House | D8: 15 | E8: =IF(COUNTIF(Songs!$C:$C,C8)>0,"","NO") | F8: Worship | G8: Live | J8: YES
A9: 8 | B9: 1996 | C9: Shout To The Lord | D9: 16 | E9: =IF(COUNTIF(Songs!$C:$C,C9)>0,"","NO") | F9: Worship | G9: Live | J9: YES
A10: 9 | B10: 1996 | C10: Simply Worship | D10: 12 | E10: =IF(COUNTIF(Songs!$C:$C,C10)>0,"","NO") | F10: Worship | G10: Live | J10: YES
A11: 10 | B11: 1997 | C11: All Things Are Possible | D11: 15 | E11: =IF(COUNTIF(Songs!$C:$C,C11)>0,"","NO") | F11: Worship | G11: Live | J11: YES
A12: 11 | B12: 1997 | C12: Simply Worship 2 | D12: 12 | E12: =IF(COUNTIF(Songs!$C:$C,C12)>0,"","NO") | F12: Worship | G12: Live | J12: YES
A13: 12 | B13: 1998 | C13: Shout to the Lord 2000 | D13: 16 | E13: =IF(COUNTIF(Songs!$C:$C,C13)>0,"","NO") | F13: Worship | G13: Live | J13: Other
... A17: 16 | B17: 1999 | C17: Everyday | D17: 10 | E17: =IF(COUNTIF(Songs!$C:$C,C17)>0,"","NO") | F17: United | G17: Live | J17: YES
A18: 17 | B18: 1999 | C18: The Secret Place | D18: 10 | E18: =IF(COUNTIF(Songs!$C:$C,C18)>0,"","NO") -> NO | F18: Worship | G18: Live | H18: Instrumental | I18: Exclude | J18: YES
A19: 18 | B19: 2000 | C19: Best Friend | D19: 10 | E19: =IF(COUNTIF(Songs!$C:$C,C19)>0,"","NO") | F19: United | G19: Live | J19: YES
A20: 19 | B20: 2000 | C20: For This Cause | D20: 14 | E20: =IF(COUNTIF(Songs!$C:$C,C20)>0,"","NO") | F20: Worship | G20: Live | J20: YES
A21: 20 | B21: 2000 | C21: Overwhelmed | D21: 12 | E21: =IF(COUNTIF(Songs!$C:$C,C21)>0,"","NO") | F21: Worship | G21: Live | J21: YES
A22: 21 | B22: 2001 | C22: Christmas | D22: 14 | E22: =IF(COUNTIF(Songs!$C:$C,C22)>0,"","NO") | F22: Worship | G22: Live | H22: Christmas | J22: YES
A23: 22 | B23: 2001 | C23: King of Majesty | D23: 11 | E23: =IF(COUNTIF(Songs!$C:$C,C23)>0,"","NO") | F23: United | G23: Live | J23: YES
A24: 23 | B24: 2001 | C24: You Are My World | D24: 13 | E24: =IF(COUNTIF(Songs!$C:$C,C24)>0,"","NO") | F24: Worship | G24: Live | J24: YES
A25: 24 | B25: 2002 | C25: Blessed | D25: 14 | E25: =IF(COUNTIF(Songs!$C:$C,C25)>0,"","NO") | F25: Worship | G25: Live | J25: YES
A26: 25 | B26: 2002 | C26: Extravagant Worship: The Songs Of Darlene Zschech | D26: 23 | E26: =IF(COUNTIF(Songs!$C:$C,C26)>0,"","NO") -> NO | F26: Worship | G26: Live | H26: Compilation | I26: Exclude | J26: YES
A27: 26 | B27: 2002 | C27: Extravagant Worship: The Songs Of Reuben Morgan | D27: 22 | E27: =IF(COUNTIF(Songs!$C:$C,C27)>0,"","NO") -> NO | F27: Worship | G27: Live | H27: Compilation | I27: Exclude | J27: YES
A28: 27 | B28: 2002 | C28: To the Ends of the Earth | D28: 14 | E28: =IF(COUNTIF(Songs!$C:$C,C28)>0,"","NO") | F28: United | G28: Live | J28: YES
A29: 28 | B29: 2003 | C29: Forever | D29: 10 | E29: =IF(COUNTIF(Songs!$C:$C,C29)>0,"","NO") -> NO | F29: Worship | G29: Live | H29: Instrumental | I29: Exclude | J29: YES
A30: 29 | B30: 2003 | C30: Hope | D30: 18 | E30: =IF(COUNTIF(Songs!$C:$C,C30)>0,"","NO") | F30: Worship | G30: Live | J30: YES
A31: 30 | B31: 2004 | C31: Faithful | D31: 12 | E31: =IF(COUNTIF(Songs!$C:$C,C31)>0,"","NO") | F31: Worship | G31: Live | J31: YES
A32: 31 | B32: 2004 | C32: For All You've Done | D32: 15 | E32: =IF(COUNTIF(Songs!$C:$C,C32)>0,"","NO") | F32: Worship | G32: Live | J32: YES
A33: 32 | B33: 2004 | C33: More Than Life | D33: 15 | E33: =IF(COUNTIF(Songs!$C:$C,C33)>0,"","NO") | F33: United | G33: Live | J33: YES
A34: 33 | B34: 2004 | C34: Unified, Praise | D34: 11 | E34: =IF(COUNTIF(Songs!$C:$C,C34)>0,"","NO") | F34: Worship | G34: Live | J34: YES
A35: 34 | B35: 2005 | C35: God He Reigns | D35: 15 | E35: =IF(COUNTIF(Songs!$C:$C,C35)>0,"","NO") | F35: Worship | G35: Live | J35: YES
A36: 35 | B36: 2005 | C36: Look to You | D36: 13 | E36: =IF(COUNTIF(Songs!$C:$C,C36)>0,"","NO") | F36: United | G36: Live | J36: YES
A37: 36 | B37: 2005 | C37: Ultimate Worship, Hillsong | D37: 17 | E37: =IF(COUNTIF(Songs!$C:$C,C37)>0,"","NO") -> NO | F37: Worship | G37: Live | H37: Compilation | I37: Exclude | J37: YES
A38: 37 | B38: 2006 | C38: Celebrating Christmas | D38: 12 | E38: =IF(COUNTIF(Songs!$C:$C,C38)>0,"","NO") | F38: Worship | G38: Live | H38: Christmas | J38: YES
A39: 38 | B39: 2006 | C39: Mighty to Save | D39: 14 | E39: =IF(COUNTIF(Songs!$C:$C,C39)>0,"","NO") | F39: Worship | G39: Live | J39: YES
A40: 39 | B40: 2006 | C40: Songs For Communion | D40: 14 | E40: =IF(COUNTIF(Songs!$C:$C,C40)>0,"","NO") | F40: Worship | G40: Live | J40: YES
A41: 40 | B41: 2006 | C41: United We Stand | D41: 17 | E41: =IF(COUNTIF(Songs!$C:$C,C41)>0,"","NO") | F41: United | G41: Live | J41: YES
A42: 41 | B42: 2007 | C42: All of the Above | D42: 14 | E42: =IF(COUNTIF(Songs!$C:$C,C42)>0,"","NO") | F42: United | G42: Studio | J42: YES
A43: 42 | B43: 2007 | C43: Saviour King | D43: 14 | E43: =IF(COUNTIF(Songs!$C:$C,C43)>0,"","NO") | F43: Worship | G43: Live | J43: YES
A44: 43 | B44: 2008 | C44: The I Heart Revolution, With Hearts as One | D44: 30 | E44: =IF(COUNTIF(Songs!$C:$C,C44)>0,"","NO") -> NO | F44: United | G44: Live | H44: Rejected | J44: YES
A45: 44 | B45: 2008 | C45: This Is Our God | D45: 16 | E45: =IF(COUNTIF(Songs!$C:$C,C45)>0,"","NO") | F45: Worship | G45: Live | J45: YES
A46: 45 | B46: 2008 | C46: Ultimate Worship 2 | D46: 17 | E46: =IF(COUNTIF(Songs!$C:$C,C46)>0,"","NO") -> NO | F46: Worship | G46: Live | H46: Compilation | I46: Exclude | J46: YES
A47: 46 | B47: 2009 | C47: Across The Earth, Tear Down The Walls | D47: 12 | E47: =IF(COUNTIF(Songs!$C:$C,C47)>0,"","NO") -> NO | F47: United | G47: Live | J47: YES
A48: 47 | B48: 2009 | C48: Faith + Hope + Love | D48: 13 | E48: =IF(COUNTIF(Songs!$C:$C,C48)>0,"","NO") | F48: Worship | G48: Live | J48: YES
A49: 48 | B49: 2010 | C49: A Beautiful Exchange | D49: 13 | E49: =IF(COUNTIF(Songs!$C:$C,C49)>0,"","NO") | F49: Worship | G49: Live | J49: YES
A50: 49 | B50: 2011 | C50: Aftermath | D50: 13 | E50: =IF(COUNTIF(Songs!$C:$C,C50)>0,"","NO") | F50: United | G50: Studio | J50: YES
A51: 50 | B51: 2011 | C51: Born Is The King | D51: 8 | E51: =IF(COUNTIF(Songs!$C:$C,C51)>0,"","NO") | F51: Worship | G51: Studio | H51: Christmas | J51: YES
A52: 51 | B52: 2011 | C52: God Is Able | D52: 13 | E52: =IF(COUNTIF(Songs!$C:$C,C52)>0,"","NO") | F52: Worship | G52: Live | J52: YES
A53: 52 | B53: 2012 | C53: Cornerstone | D53: 13 | E53: =IF(COUNTIF(Songs!$C:$C,C53)>0,"","NO") | F53: Worship | G53: Live | J53: YES
A54: 53 | B54: 2012 | C54: Live in Miami, Welcome to the Aftermath | D54: 22 | E54: =IF(COUNTIF(Songs!$C:$C,C54)>0,"","NO") -> NO | F54: United | G54: Live | H54: Rejected | J54: YES
A55: 54 | B55: 2012 | C55: We Have A Savior | D55: 12 | E55: =IF(COUNTIF(Songs!$C:$C,C55)>0,"","NO") | F55: Worship | G55: Studio | H55: Christmas | J55: YES
A56: 55 | B56: 2013 | C56: Glorious Ruins | D56: 11 | E56: =IF(COUNTIF(Songs!$C:$C,C56)>0,"","NO") | F56: Worship | G56: Live | J56: YES
A57: 56 | B57: 2013 | C57: Zion | D57: 13 | E57: =IF(COUNTIF(Songs!$C:$C,C57)>0,"","NO") | F57: United | G57: Studio | J57: YES
A58: 57 | B58: 2013 | C58: Zion Acoustic Sessions | D58: 12 | E58: =IF(COUNTIF(Songs!$C:$C,C58)>0,"","NO") -> NO | F58: United | G58: Live | H58: Rejected | J58: YES
A59: 58 | B59: 2014 | C59: No Other Name | D59: 11 | E59: =IF(COUNTIF(Songs!$C:$C,C59)>0,"","NO") | F59: Worship | G59: Live | J59: YES
A60: 59 | B60: 2014 | C60: The White Album | E60: =IF(COUNTIF(Songs!$C:$C,C60)>0,"","NO") -> NO | F60: United | G60: Remix | H60: Remix | I60: Exclude | J60: YES
A61: 60 | B61: 2015 | C61: Empires | D61: 12 | E61: =IF(COUNTIF(Songs!$C:$C,C61)>0,"","NO") | F61: United | G61: Studio | J61: YES
A62: 61 | B62: 2015 | C62: Open Heaven / River Wild | D62: 12 | E62: =IF(COUNTIF(Songs!$C:$C,C62)>0,"","NO") | F62: Worship | G62: Live | J62: YES
A63: 62 | B63: 2016 | C63: Let There Be Light | D63: 12 | E63: =IF(COUNTIF(Songs!$C:$C,C63)>0,"","NO") | F63: Worship | G63: Live | J63: YES
A64: 63 | B64: 2016 | C64: Of Dirt and Grace, Live from the Land | D64: 12 | E64: =IF(COUNTIF(Songs!$C:$C,C64)>0,"","NO") -> NO | F64: United | G64: Live | H64: Rejected | J64: YES
A65: 64 | B65: 2017 | C65: The Peace Project | D65: 12 | E65: =IF(COUNTIF(Songs!$C:$C,C65)>0,"","NO") | F65: Worship | G65: Studio | H65: Christmas | J65: YES
A66: 65 | B66: 2017 | C66: Wonder | D66: 12 | E66: =IF(COUNTIF(Songs!$C:$C,C66)>0,"","NO") | F66: United | G66: Studio | J66: YES
A67: 66 | B67: 2018 | C67: There Is More | D67: 12 | E67: =IF(COUNTIF(Songs!$C:$C,C67)>0,"","NO") | F67: Worship | G67: Live | J67: YES
A68: 67 | B68: 2019 | C68: Awake | D68: 15 | E68: =IF(COUNTIF(Songs!$C:$C,C68)>0,"","NO") | F68: Worship | G68: Studio | J68: YES
A69: 68 | B69: 2019 | C69: People | D69: 12 | E69: =IF(COUNTIF(Songs!$C:$C,C69)>0,"","NO") | F69: United | G69: Live | J69: YES
A70: 69 | B70: 2020 | C70: Take Heart (Again) | D70: 12 | E70: =IF(COUNTIF(Songs!$C:$C,C70)>0,"","NO") | F70: Worship | G70: Studio | J70: YES

Sheet Songs
A1: # | B1: Year | C1: Album | D1: Track | E1: Title | F1: Author | G1: Key | H1: CCLI# | I1: Notes | J1: Worship leader(s) | K1: Length | L1: In MC?
A2: =INDEX(Albums!$A:$A, MATCH(C2,Albums!$C:$C,0)) -> 1 | B2: =INDEX(Albums!$B:$B, MATCH(C2,Albums!$C:$C,0)) -> 1988 | C2: Spirit and Truth | D2: 1 | E2: Heaven Suffers Violence | F2: Brian Houston | L2: =IF(AND(ISNUMBER(H2), COUNTIF([1]Songs!$L:$L,H2)>0),"YES","")
A3: =INDEX(Albums!$A:$A, MATCH(C3,Albums!$C:$C,0)) -> 1 | B3: =INDEX(Albums!$B:$B, MATCH(C3,Albums!$C:$C,0)) -> 1988 | C3: Spirit and Truth | D3: 2 | E3: With Your Love | F3: Geoff Bullock | L3: =IF(AND(ISNUMBER(H3), COUNTIF([1]Songs!$L:$L,H3)>0),"YES","")
A4: =INDEX(Albums!$A:$A, MATCH(C4,Albums!$C:$C,0)) -> 1 | B4: =INDEX(Albums!$B:$B, MATCH(C4,Albums!$C:$C,0)) -> 1988 | C4: Spirit and Truth | D4: 3 | E4: We're Not Looking Back | F4: Geoff Bullock | L4: =IF(AND(ISNUMBER(H4), COUNTIF([1]Songs!$L:$L,H4)>0),"YES","")
A5: =INDEX(Albums!$A:$A, MATCH(C5,Albums!$C:$C,0)) -> 1 | B5: =INDEX(Albums!$B:$B, MATCH(C5,Albums!$C:$C,0)) -> 1988 | C5: Spirit and Truth | D5: 4 | E5: I Will Lift My Voice | F5: Geoff Bullock | L5: =IF(AND(ISNUMBER(H5), COUNTIF([1]Songs!$L:$L,H5)>0),"YES","")
A6: =INDEX(Albums!$A:$A, MATCH(C6,Albums!$C:$C,0)) -> 1 | B6: =INDEX(Albums!$B:$B, MATCH(C6,Albums!$C:$C,0)) -> 1988 | C6: Spirit and Truth | D6: 5 | E6: We've Come To Worship The Lord | F6: Geoff Bullock | L6: =IF(AND(ISNUMBER(H6), COUNTIF([1]Songs!$L:$L,H6)>0),"YES","")
A7: =INDEX(Albums!$A:$A, MATCH(C7,Albums!$C:$C,0)) -> 1 | B7: =INDEX(Albums!$B:$B, MATCH(C7,Albums!$C:$C,0)) -> 1988 | C7: Spirit and Truth | D7: 6 | E7: Lift High His Name | F7: Geoff Bullock | L7: =IF(AND(ISNUMBER(H7), COUNTIF([1]Songs!$L:$L,H7)>0),"YES","")
A8: =INDEX(Albums!$A:$A, MATCH(C8,Albums!$C:$C,0)) -> 1 | B8: =INDEX(Albums!$B:$B, MATCH(C8,Albums!$C:$C,0)) -> 1988 | C8: Spirit and Truth | D8: 7 | E8: The Power Of God | F8: Brian Houston, Geoff Bullock | L8: =IF(AND(ISNUMBER(H8), COUNTIF([1]Songs!$L:$L,H8)>0),"YES","")
A9: =INDEX(Albums!$A:$A, MATCH(C9,Albums!$C:$C,0)) -> 1 | B9: =INDEX(Albums!$B:$B, MATCH(C9,Albums!$C:$C,0)) -> 1988 | C9: Spirit and Truth | D9: 8 | E9: He Is The King | F9: Geoff Bullock | L9: =IF(AND(ISNUMBER(H9), COUNTIF([1]Songs!$L:$L,H9)>0),"YES","")
A10: =INDEX(Albums!$A:$A, MATCH(C10,Albums!$C:$C,0)) -> 1 | B10: =INDEX(Albums!$B:$B, MATCH(C10,Albums!$C:$C,0)) -> 1988 | C10: Spirit and Truth | D10: 9 | E10: We Will Not Bow To The World | F10: Brian Houston, Geoff Bullock | L10: =IF(AND(ISNUMBER(H10), COUNTIF([1]Songs!$L:$L,H10)>0),"YES","")
A11: =INDEX(Albums!$A:$A, MATCH(C11,Albums!$C:$C,0)) -> 1 | B11: =INDEX(Albums!$B:$B, MATCH(C11,Albums!$C:$C,0)) -> 1988 | C11: Spirit and Truth | D11: 10 | E11: The Heavens Shall Declare | F11: Geoff Bullock | L11: =IF(AND(ISNUMBER(H11), COUNTIF([1]Songs!$L:$L,H11)>0),"YES","")
A12: =INDEX(Albums!$A:$A, MATCH(C12,Albums!$C:$C,0)) -> 1 | B12: =INDEX(Albums!$B:$B, MATCH(C12,Albums!$C:$C,0)) -> 1988 | C12: Spirit and Truth | D12: 11 | E12: The Lord's Prayer | F12: Rob Eastwood | L12: =IF(AND(ISNUMBER(H12), COUNTIF([1]Songs!$L:$L,H12)>0),"YES","")
A13: =INDEX(Albums!$A:$A, MATCH(C13,Albums!$C:$C,0)) -> 2 | B13: =INDEX(Albums!$B:$B, MATCH(C13,Albums!$C:$C,0)) -> 1990 | C13: Show Your Glory | D13: 1 | E13: Without Him | K13: 0.18819444 | L13: =IF(AND(ISNUMBER(H13), COUNTIF([1]Songs!$L:$L,H13)>0),"YES","")
A14: =INDEX(Albums!$A:$A, MATCH(C14,Albums!$C:$C,0)) -> 2 | B14: =INDEX(Albums!$B:$B, MATCH(C14,Albums!$C:$C,0)) -> 1990 | C14: Show Your Glory | D14: 2 | E14: The Enemy's Defeated | K14: 0.12430556 | L14: =IF(AND(ISNUMBER(H14), COUNTIF([1]Songs!$L:$L,H14)>0),"YES","")
A15: =INDEX(Albums!$A:$A, MATCH(C15,Albums!$C:$C,0)) -> 2 | B15: =INDEX(Albums!$B:$B, MATCH(C15,Albums!$C:$C,0)) -> 1990 | C15: Show Your Glory | D15: 3 | E15: Revival | K15: 0.17152778 | L15: =IF(AND(ISNUMBER(H15), COUNTIF([1]Songs!$L:$L,H15)>0),"YES","")
A16: =INDEX(Albums!$A:$A, MATCH(C16,Albums!$C:$C,0)) -> 2 | B16: =INDEX(Albums!$B:$B, MATCH(C16,Albums!$C:$C,0)) -> 1990 | C16: Show Your Glory | D16: 4 | E16: Sanctify | K16: 0.10138889 | L16: =IF(AND(ISNUMBER(H16), COUNTIF([1]Songs!$L:$L,H16)>0),"YES","")
A17: =INDEX(Albums!$A:$A, MATCH(C17,Albums!$C:$C,0)) -> 2 | B17: =INDEX(Albums!$B:$B, MATCH(C17,Albums!$C:$C,0)) -> 1990 | C17: Show Your Glory | D17: 5 | E17: Armed And Dangerous | K17: 0.11736111 | L17: =IF(AND(ISNUMBER(H17), COUNTIF([1]Songs!$L:$L,H17)>0),"YES","")
A18: =INDEX(Albums!$A:$A, MATCH(C18,Albums!$C:$C,0)) -> 2 | B18: =INDEX(Albums!$B:$B, MATCH(C18,Albums!$C:$C,0)) -> 1990 | C18: Show Your Glory | D18: 6 | E18: Fire | K18: 0.15138889 | L18: =IF(AND(ISNUMBER(H18), COUNTIF([1]Songs!$L:$L,H18)>0),"YES","")
A19: =INDEX(Albums!$A:$A, MATCH(C19,Albums!$C:$C,0)) -> 2 | B19: =INDEX(Albums!$B:$B, MATCH(C19,Albums!$C:$C,0)) -> 1990 | C19: Show Your Glory | D19: 7 | E19: Praise Him | K19: 0.12777778 | L19: =IF(AND(ISNUMBER(H19), COUNTIF([1]Songs!$L:$L,H19)>0),"YES","")
A20: =INDEX(Albums!$A:$A, MATCH(C20,Albums!$C:$C,0)) -> 2 | B20: =INDEX(Albums!$B:$B, MATCH(C20,Albums!$C:$C,0)) -> 1990 | C20: Show Your Glory | D20: 8 | E20: Show Your Glory | K20: 0.23333333 | L20: =IF(AND(ISNUMBER(H20), COUNTIF([1]Songs!$L:$L,H20)>0),"YES","")
A21: =INDEX(Albums!$A:$A, MATCH(C21,Albums!$C:$C,0)) -> 2 | B21: =INDEX(Albums!$B:$B, MATCH(C21,Albums!$C:$C,0)) -> 1990 | C21: Show Your Glory | D21: 9 | E21: I Am Not Ashamed | K21: 0.19166667 | L21: =IF(AND(ISNUMBER(H21), COUNTIF([1]Songs!$L:$L,H21)>0),"YES","")
A22: =INDEX(Albums!$A:$A, MATCH(C22,Albums!$C:$C,0)) -> 2 | B22: =INDEX(Albums!$B:$B, MATCH(C22,Albums!$C:$C,0)) -> 1990 | C22: Show Your Glory | D22: 10 | E22: Lord Take My Eyes | K22: 0.16666667 | L22: =IF(AND(ISNUMBER(H22), COUNTIF([1]Songs!$L:$L,H22)>0),"YES","")
A23: =INDEX(Albums!$A:$A, MATCH(C23,Albums!$C:$C,0)) -> 2 | B23: =INDEX(Albums!$B:$B, MATCH(C23,Albums!$C:$C,0)) -> 1990 | C23: Show Your Glory | D23: 11 | E23: Blessing | K23: 0.24930556 | L23: =IF(AND(ISNUMBER(H23), COUNTIF([1]Songs!$L:$L,H23)>0),"YES","")
A24: =INDEX(Albums!$A:$A, MATCH(C24,Albums!$C:$C,0)) -> 2 | B24: =INDEX(Albums!$B:$B, MATCH(C24,Albums!$C:$C,0)) -> 1990 | C24: Show Your Glory | D24: 12 | E24: Holy | K24: 0.21180556 | L24: =IF(AND(ISNUMBER(H24), COUNTIF([1]Songs!$L:$L,H24)>0),"YES","")
... A26: =INDEX(Albums!$A:$A, MATCH(C26,Albums!$C:$C,0)) -> 2 | B26: =INDEX(Albums!$B:$B, MATCH(C26,Albums!$C:$C,0)) -> 1990 | C26: Show Your Glory | D26: 14 | E26: Show Your Glory (Alternate Mix) | K26: 0.23402778 | L26: =IF(AND(ISNUMBER(H26), COUNTIF([1]Songs!$L:$L,H26)>0),"YES","")
A27: =INDEX(Albums!$A:$A, MATCH(C27,Albums!$C:$C,0)) -> 3 | B27: =INDEX(Albums!$B:$B, MATCH(C27,Albums!$C:$C,0)) -> 1992 | C27: The Power of Your Love | D27: 1 | E27: The Time Has Come | F27: Geoff Bullock | L27: =IF(AND(ISNUMBER(H27), COUNTIF([1]Songs!$L:$L,H27)>0),"YES","")
A28: =INDEX(Albums!$A:$A, MATCH(C28,Albums!$C:$C,0)) -> 3 | B28: =INDEX(Albums!$B:$B, MATCH(C28,Albums!$C:$C,0)) -> 1992 | C28: The Power of Your Love | D28: 2 | E28: We Will Rise | F28: Bullock | L28: =IF(AND(ISNUMBER(H28), COUNTIF([1]Songs!$L:$L,H28)>0),"YES","")
A29: =INDEX(Albums!$A:$A, MATCH(C29,Albums!$C:$C,0)) -> 3 | B29: =INDEX(Albums!$B:$B, MATCH(C29,Albums!$C:$C,0)) -> 1992 | C29: The Power of Your Love | D29: 3 | E29: You Placed Your Love | F29: Bullock | L29: =IF(AND(ISNUMBER(H29), COUNTIF([1]Songs!$L:$L,H29)>0),"YES","")
A30: =INDEX(Albums!$A:$A, MATCH(C30,Albums!$C:$C,0)) -> 3 | B30: =INDEX(Albums!$B:$B, MATCH(C30,Albums!$C:$C,0)) -> 1992 | C30: The Power of Your Love | D30: 4 | E30: Your Love | F30: Bullock | L30: =IF(AND(ISNUMBER(H30), COUNTIF([1]Songs!$L:$L,H30)>0),"YES","")
A31: =INDEX(Albums!$A:$A, MATCH(C31,Albums!$C:$C,0)) -> 3 | B31: =INDEX(Albums!$B:$B, MATCH(C31,Albums!$C:$C,0)) -> 1992 | C31: The Power of Your Love | D31: 5 | E31: Blessed Be | F31: Bullock | L31: =IF(AND(ISNUMBER(H31), COUNTIF([1]Songs!$L:$L,H31)>0),"YES","")
A32: =INDEX(Albums!$A:$A, MATCH(C32,Albums!$C:$C,0)) -> 3 | B32: =INDEX(Albums!$B:$B, MATCH(C32,Albums!$C:$C,0)) -> 1992 | C32: The Power of Your Love | D32: 6 | E32: You Are My Rock | F32: Bullock | L32: =IF(AND(ISNUMBER(H32), COUNTIF([1]Songs!$L:$L,H32)>0),"YES","")
A33: =INDEX(Albums!$A:$A, MATCH(C33,Albums!$C:$C,0)) -> 3 | B33: =INDEX(Albums!$B:$B, MATCH(C33,Albums!$C:$C,0)) -> 1992 | C33: The Power of Your Love | D33: 7 | E33: Hear Me Calling | F33: Bullock | L33: =IF(AND(ISNUMBER(H33), COUNTIF([1]Songs!$L:$L,H33)>0),"YES","")
A34: =INDEX(Albums!$A:$A, MATCH(C34,Albums!$C:$C,0)) -> 3 | B34: =INDEX(Albums!$B:$B, MATCH(C34,Albums!$C:$C,0)) -> 1992 | C34: The Power of Your Love | D34: 8 | E34: Refresh My Heart | F34: Bullock | L34: =IF(AND(ISNUMBER(H34), COUNTIF([1]Songs!$L:$L,H34)>0),"YES","")
A35: =INDEX(Albums!$A:$A, MATCH(C35,Albums!$C:$C,0)) -> 3 | B35: =INDEX(Albums!$B:$B, MATCH(C35,Albums!$C:$C,0)) -> 1992 | C35: The Power of Your Love | D35: 9 | E35: The Power of Your Love | F35: Bullock | L35: =IF(AND(ISNUMBER(H35), COUNTIF([1]Songs!$L:$L,H35)>0),"YES","")
A36: =INDEX(Albums!$A:$A, MATCH(C36,Albums!$C:$C,0)) -> 3 | B36: =INDEX(Albums!$B:$B, MATCH(C36,Albums!$C:$C,0)) -> 1992 | C36: The Power of Your Love | D36: 10 | E36: Lord We Come | F36: Bullock | L36: =IF(AND(ISNUMBER(H36), COUNTIF([1]Songs!$L:$L,H36)>0),"YES","")
A37: =INDEX(Albums!$A:$A, MATCH(C37,Albums!$C:$C,0)) -> 3 | B37: =INDEX(Albums!$B:$B, MATCH(C37,Albums!$C:$C,0)) -> 1992 | C37: The Power of Your Love | D37: 11 | E37: I Will Worship You | F37: Bullock | L37: =IF(AND(ISNUMBER(H37), COUNTIF([1]Songs!$L:$L,H37)>0),"YES","")
A38: =INDEX(Albums!$A:$A, MATCH(C38,Albums!$C:$C,0)) -> 3 | B38: =INDEX(Albums!$B:$B, MATCH(C38,Albums!$C:$C,0)) -> 1992 | C38: The Power of Your Love | D38: 12 | E38: You Are My God | F38: Bullock & Gail Dunshea | L38: =IF(AND(ISNUMBER(H38), COUNTIF([1]Songs!$L:$L,H38)>0),"YES","")
... A42: =INDEX(Albums!$A:$A, MATCH(C42,Albums!$C:$C,0)) -> 3 | B42: =INDEX(Albums!$B:$B, MATCH(C42,Albums!$C:$C,0)) -> 1992 | C42: The Power of Your Love | D42: 16 | E42: The Great Southland | F42: Bullock | L42: =IF(AND(ISNUMBER(H42), COUNTIF([1]Songs!$L:$L,H42)>0),"YES","")
A43: =INDEX(Albums!$A:$A, MATCH(C43,Albums!$C:$C,0)) -> 4 | B43: =INDEX(Albums!$B:$B, MATCH(C43,Albums!$C:$C,0)) -> 1993 | C43: Stone's Been Rolled Away | D43: 1 | E43: The Stone's Been Rolled Away | F43: Geoff Bullock | J43: Darlene Zschech, b. Geoff Bullock | L43: =IF(AND(ISNUMBER(H43), COUNTIF([1]Songs!$L:$L,H43)>0),"YES","")
A44: =INDEX(Albums!$A:$A, MATCH(C44,Albums!$C:$C,0)) -> 4 | B44: =INDEX(Albums!$B:$B, MATCH(C44,Albums!$C:$C,0)) -> 1993 | C44: Stone's Been Rolled Away | D44: 2 | E44: You Give Me Shelter | F44: Geoff Bullock | J44: Sylvia Pettit & Steve McPherson | L44: =IF(AND(ISNUMBER(H44), COUNTIF([1]Songs!$L:$L,H44)>0),"YES","")
A45: =INDEX(Albums!$A:$A, MATCH(C45,Albums!$C:$C,0)) -> 4 | B45: =INDEX(Albums!$B:$B, MATCH(C45,Albums!$C:$C,0)) -> 1993 | C45: Stone's Been Rolled Away | D45: 3 | E45: Your Name | F45: Darlene Zschech | J45: David Evans, Sylvia Pettit & Darlene Zschech | L45: =IF(AND(ISNUMBER(H45), COUNTIF([1]Songs!$L:$L,H45)>0),"YES","")
A46: =INDEX(Albums!$A:$A, MATCH(C46,Albums!$C:$C,0)) -> 4 | B46: =INDEX(Albums!$B:$B, MATCH(C46,Albums!$C:$C,0)) -> 1993 | C46: Stone's Been Rolled Away | D46: 4 | E46: I'll Love You More | F46: Robert & Debbie Eastwood | J46: Sylvia Pettit & David Evans | L46: =IF(AND(ISNUMBER(H46), COUNTIF([1]Songs!$L:$L,H46)>0),"YES","")
A47: =INDEX(Albums!$A:$A, MATCH(C47,Albums!$C:$C,0)) -> 4 | B47: =INDEX(Albums!$B:$B, MATCH(C47,Albums!$C:$C,0)) -> 1993 | C47: Stone's Been Rolled Away | D47: 5 | E47: Let Your Presence Fall | F47: David Willersdorf | J47: Darlene Zschech, b. David Evans | L47: =IF(AND(ISNUMBER(H47), COUNTIF([1]Songs!$L:$L,H47)>0),"YES","")
A48: =INDEX(Albums!$A:$A, MATCH(C48,Albums!$C:$C,0)) -> 4 | B48: =INDEX(Albums!$B:$B, MATCH(C48,Albums!$C:$C,0)) -> 1993 | C48: Stone's Been Rolled Away | D48: 6 | E48: Holy Spirit Come | F48: Bullock | J48: Geoff Bullock, Darlene Zschech, David Evans, Steve McPherson & Sylvia Pettit | L48: =IF(AND(ISNUMBER(H48), COUNTIF([1]Songs!$L:$L,H48)>0),"YES","")
A49: =INDEX(Albums!$A:$A, MATCH(C49,Albums!$C:$C,0)) -> 4 | B49: =INDEX(Albums!$B:$B, MATCH(C49,Albums!$C:$C,0)) -> 1993 | C49: Stone's Been Rolled Away | D49: 7 | E49: Holy One of God | F49: Bullock | J49: Darlene Zschech, b. David Evans | L49: =IF(AND(ISNUMBER(H49), COUNTIF([1]Songs!$L:$L,H49)>0),"YES","")
A50: =INDEX(Albums!$A:$A, MATCH(C50,Albums!$C:$C,0)) -> 4 | B50: =INDEX(Albums!$B:$B, MATCH(C50,Albums!$C:$C,0)) -> 1993 | C50: Stone's Been Rolled Away | D50: 8 | E50: I Believe | F50: Bullock | J50: Darlene Zschech & Steve McPherson | L50: =IF(AND(ISNUMBER(H50), COUNTIF([1]Songs!$L:$L,H50)>0),"YES","")
A51: =INDEX(Albums!$A:$A, MATCH(C51,Albums!$C:$C,0)) -> 4 | B51: =INDEX(Albums!$B:$B, MATCH(C51,Albums!$C:$C,0)) -> 1993 | C51: Stone's Been Rolled Away | D51: 9 | E51: Make Me Your Servant | F51: Russell Fragar | J51: Darlene Zschech, David Evans & Steve McPherson | L51: =IF(AND(ISNUMBER(H51), COUNTIF([1]Songs!$L:$L,H51)>0),"YES","")
A52: =INDEX(Albums!$A:$A, MATCH(C52,Albums!$C:$C,0)) -> 4 | B52: =INDEX(Albums!$B:$B, MATCH(C52,Albums!$C:$C,0)) -> 1993 | C52: Stone's Been Rolled Away | D52: 10 | E52: Jesus Lover of My Soul | F52: Daniel Grul, John Ezzy & Steve McPherson | J52: Darlene Zschech, b. David Evans | L52: =IF(AND(ISNUMBER(H52), COUNTIF([1]Songs!$L:$L,H52)>0),"YES","")
A53: =INDEX(Albums!$A:$A, MATCH(C53,Albums!$C:$C,0)) -> 4 | B53: =INDEX(Albums!$B:$B, MATCH(C53,Albums!$C:$C,0)) -> 1993 | C53: Stone's Been Rolled Away | D53: 11 | E53: Oh Holy Spirit | F53: Bullock | J53: Darlene Zschech & Geoff Bullock | L53: =IF(AND(ISNUMBER(H53), COUNTIF([1]Songs!$L:$L,H53)>0),"YES","")
A54: =INDEX(Albums!$A:$A, MATCH(C54,Albums!$C:$C,0)) -> 4 | B54: =INDEX(Albums!$B:$B, MATCH(C54,Albums!$C:$C,0)) -> 1993 | C54: Stone's Been Rolled Away | D54: 12 | E54: Within Your Love | F54: Bullock | J54: Sylvia Pettit, b. Geoff Bullock | L54: =IF(AND(ISNUMBER(H54), COUNTIF([1]Songs!$L:$L,H54)>0),"YES","")
... A56: =INDEX(Albums!$A:$A, MATCH(C56,Albums!$C:$C,0)) -> 4 | B56: =INDEX(Albums!$B:$B, MATCH(C56,Albums!$C:$C,0)) -> 1993 | C56: Stone's Been Rolled Away | D56: 14 | E56: You Are the One | F56: Bullock | J56: Darlene Zschech | L56: =IF(AND(ISNUMBER(H56), COUNTIF([1]Songs!$L:$L,H56)>0),"YES","")
A57: =INDEX(Albums!$A:$A, MATCH(C57,Albums!$C:$C,0)) -> 5 | B57: =INDEX(Albums!$B:$B, MATCH(C57,Albums!$C:$C,0)) -> 1994 | C57: People Just Like Us | D57: 1 | E57: Introduction | L57: =IF(AND(ISNUMBER(H57), COUNTIF([1]Songs!$L:$L,H57)>0),"YES","")
A58: =INDEX(Albums!$A:$A, MATCH(C58,Albums!$C:$C,0)) -> 5 | B58: =INDEX(Albums!$B:$B, MATCH(C58,Albums!$C:$C,0)) -> 1994 | C58: People Just Like Us | D58: 2 | E58: People Just Like Us | F58: Russell Fragar | J58: Debbie Steinhardt, Geoff Bullock & Darlene Zschech | L58: =IF(AND(ISNUMBER(H58), COUNTIF([1]Songs!$L:$L,H58)>0),"YES","")
A59: =INDEX(Albums!$A:$A, MATCH(C59,Albums!$C:$C,0)) -> 5 | B59: =INDEX(Albums!$B:$B, MATCH(C59,Albums!$C:$C,0)) -> 1994 | C59: People Just Like Us | D59: 3 | E59: Father of Lights | F59: Geoff Bullock | J59: Darlene Zschech & David Evans | L59: =IF(AND(ISNUMBER(H59), COUNTIF([1]Songs!$L:$L,H59)>0),"YES","")
A60: =INDEX(Albums!$A:$A, MATCH(C60,Albums!$C:$C,0)) -> 5 | B60: =INDEX(Albums!$B:$B, MATCH(C60,Albums!$C:$C,0)) -> 1994 | C60: People Just Like Us | D60: 4 | E60: In the Name of the Lord | F60: Bullock | J60: Darlene Zschech, David Evans & Geoff Bullock | L60: =IF(AND(ISNUMBER(H60), COUNTIF([1]Songs!$L:$L,H60)>0),"YES","")
A61: =INDEX(Albums!$A:$A, MATCH(C61,Albums!$C:$C,0)) -> 5 | B61: =INDEX(Albums!$B:$B, MATCH(C61,Albums!$C:$C,0)) -> 1994 | C61: People Just Like Us | D61: 5 | E61: You Rescued Me | F61: Bullock | J61: Rob Eastwood | L61: =IF(AND(ISNUMBER(H61), COUNTIF([1]Songs!$L:$L,H61)>0),"YES","")
A62: =INDEX(Albums!$A:$A, MATCH(C62,Albums!$C:$C,0)) -> 5 | B62: =INDEX(Albums!$B:$B, MATCH(C62,Albums!$C:$C,0)) -> 1994 | C62: People Just Like Us | D62: 6 | E62: The Power and the Glory | F62: Bullock | J62: David Evans & Darlene Zschech | L62: =IF(AND(ISNUMBER(H62), COUNTIF([1]Songs!$L:$L,H62)>0),"YES","")
A63: =INDEX(Albums!$A:$A, MATCH(C63,Albums!$C:$C,0)) -> 5 | B63: =INDEX(Albums!$B:$B, MATCH(C63,Albums!$C:$C,0)) -> 1994 | C63: People Just Like Us | D63: 7 | E63: Have Faith in God | F63: Bullock | J63: David Evans, Geoff Bullock & Darlene Zschech | L63: =IF(AND(ISNUMBER(H63), COUNTIF([1]Songs!$L:$L,H63)>0),"YES","")
A64: =INDEX(Albums!$A:$A, MATCH(C64,Albums!$C:$C,0)) -> 5 | B64: =INDEX(Albums!$B:$B, MATCH(C64,Albums!$C:$C,0)) -> 1994 | C64: People Just Like Us | D64: 8 | E64: Your Love Keeps Following Me | F64: Fragar | J64: Lucy Fisher | L64: =IF(AND(ISNUMBER(H64), COUNTIF([1]Songs!$L:$L,H64)>0),"YES","")
A65: =INDEX(Albums!$A:$A, MATCH(C65,Albums!$C:$C,0)) -> 5 | B65: =INDEX(Albums!$B:$B, MATCH(C65,Albums!$C:$C,0)) -> 1994 | C65: People Just Like Us | D65: 9 | E65: I Just Want to Praise the Lord | F65: Bullock | J65: Darlene Zschech, David Evans & Geoff Bullock | L65: =IF(AND(ISNUMBER(H65), COUNTIF([1]Songs!$L:$L,H65)>0),"YES","")
A66: =INDEX(Albums!$A:$A, MATCH(C66,Albums!$C:$C,0)) -> 5 | B66: =INDEX(Albums!$B:$B, MATCH(C66,Albums!$C:$C,0)) -> 1994 | C66: People Just Like Us | D66: 10 | E66: Longin' for Your Touch | F66: Paul Iannuzzelli & Tim Uluirewa | J66: David Evans | L66: =IF(AND(ISNUMBER(H66), COUNTIF([1]Songs!$L:$L,H66)>0),"YES","")
A67: =INDEX(Albums!$A:$A, MATCH(C67,Albums!$C:$C,0)) -> 5 | B67: =INDEX(Albums!$B:$B, MATCH(C67,Albums!$C:$C,0)) -> 1994 | C67: People Just Like Us | D67: 11 | E67: In the Silence | F67: Iannuzzelli | J67: Darlene Zschech & David Evans | L67: =IF(AND(ISNUMBER(H67), COUNTIF([1]Songs!$L:$L,H67)>0),"YES","")
A68: =INDEX(Albums!$A:$A, MATCH(C68,Albums!$C:$C,0)) -> 5 | B68: =INDEX(Albums!$B:$B, MATCH(C68,Albums!$C:$C,0)) -> 1994 | C68: People Just Like Us | D68: 12 | E68: Just Let Me Say | F68: Bullock | J68: Debbie Steinhardt & Geoff Bullock | L68: =IF(AND(ISNUMBER(H68), COUNTIF([1]Songs!$L:$L,H68)>0),"YES","")
A69: =INDEX(Albums!$A:$A, MATCH(C69,Albums!$C:$C,0)) -> 5 | B69: =INDEX(Albums!$B:$B, MATCH(C69,Albums!$C:$C,0)) -> 1994 | C69: People Just Like Us | D69: 13 | E69: Shout to the Lord | F69: Darlene Zschech | J69: Darlene Zschech | L69: =IF(AND(ISNUMBER(H69), COUNTIF([1]Songs!$L:$L,H69)>0),"YES","")
A70: =INDEX(Albums!$A:$A, MATCH(C70,Albums!$C:$C,0)) -> 5 | B70: =INDEX(Albums!$B:$B, MATCH(C70,Albums!$C:$C,0)) -> 1994 | C70: People Just Like Us | D70: 14 | E70: Faith | F70: Bullock | J70: Darlene Zschech, David Evans & Geoff Bullock | L70: =IF(AND(ISNUMBER(H70), COUNTIF([1]Songs!$L:$L,H70)>0),"YES","")
A71: =INDEX(Albums!$A:$A, MATCH(C71,Albums!$C:$C,0)) -> 6 | B71: =INDEX(Albums!$B:$B, MATCH(C71,Albums!$C:$C,0)) -> 1995 | C71: Friends in High Places | D71: 1 | E71: Friends in High Places | F71: Russell Fragar | J71: Darlene Zschech | K71: 0.15972222 | L71: =IF(AND(ISNUMBER(H71), COUNTIF([1]Songs!$L:$L,H71)>0),"YES","")
A72: =INDEX(Albums!$A:$A, MATCH(C72,Albums!$C:$C,0)) -> 6 | B72: =INDEX(Albums!$B:$B, MATCH(C72,Albums!$C:$C,0)) -> 1995 | C72: Friends in High Places | D72: 2 | E72: He Shall Be Called | F72: Fragar | J72: Lucy Fisher | K72: 0.12430556 | L72: =IF(AND(ISNUMBER(H72), COUNTIF([1]Songs!$L:$L,H72)>0),"YES","")
A73: =INDEX(Albums!$A:$A, MATCH(C73,Albums!$C:$C,0)) -> 6 | B73: =INDEX(Albums!$B:$B, MATCH(C73,Albums!$C:$C,0)) -> 1995 | C73: Friends in High Places | D73: 3 | E73: Praise His Holy Name | F73: Darlene Zschech | J73: Darlene Zschech | K73: 0.14166667 | L73: =IF(AND(ISNUMBER(H73), COUNTIF([1]Songs!$L:$L,H73)>0),"YES","")
A74: =INDEX(Albums!$A:$A, MATCH(C74,Albums!$C:$C,0)) -> 6 | B74: =INDEX(Albums!$B:$B, MATCH(C74,Albums!$C:$C,0)) -> 1995 | C74: Friends in High Places | D74: 4 | E74: Rock of the Ages | F74: Geoff Bullock, Zschech | J74: Donia Makedonez | K74: 0.14027778 | L74: =IF(AND(ISNUMBER(H74), COUNTIF([1]Songs!$L:$L,H74)>0),"YES","")
A75: =INDEX(Albums!$A:$A, MATCH(C75,Albums!$C:$C,0)) -> 6 | B75: =INDEX(Albums!$B:$B, MATCH(C75,Albums!$C:$C,0)) -> 1995 | C75: Friends in High Places | D75: 5 | E75: Whenever I See | F75: Bullock | J75: Steve McPherson | K75: 0.15763889 | L75: =IF(AND(ISNUMBER(H75), COUNTIF([1]Songs!$L:$L,H75)>0),"YES","")
A76: =INDEX(Albums!$A:$A, MATCH(C76,Albums!$C:$C,0)) -> 6 | B76: =INDEX(Albums!$B:$B, MATCH(C76,Albums!$C:$C,0)) -> 1995 | C76: Friends in High Places | D76: 6 | E76: Now Is the Time | F76: Bullock | J76: Rob Eastwood | K76: 0.21944444 | L76: =IF(AND(ISNUMBER(H76), COUNTIF([1]Songs!$L:$L,H76)>0),"YES","")
A77: =INDEX(Albums!$A:$A, MATCH(C77,Albums!$C:$C,0)) -> 6 | B77: =INDEX(Albums!$B:$B, MATCH(C77,Albums!$C:$C,0)) -> 1995 | C77: Friends in High Places | D77: 7 | E77: You're All I Need | F77: Bullock | J77: Geoff Bullock, Darlene Zschech | K77: 0.21666667 | L77: =IF(AND(ISNUMBER(H77), COUNTIF([1]Songs!$L:$L,H77)>0),"YES","")
A78: =INDEX(Albums!$A:$A, MATCH(C78,Albums!$C:$C,0)) -> 6 | B78: =INDEX(Albums!$B:$B, MATCH(C78,Albums!$C:$C,0)) -> 1995 | C78: Friends in High Places | D78: 8 | E78: Salvation | F78: Bullock | J78: Darlene Zschech | K78: 0.14861111 | L78: =IF(AND(ISNUMBER(H78), COUNTIF([1]Songs!$L:$L,H78)>0),"YES","")
A79: =INDEX(Albums!$A:$A, MATCH(C79,Albums!$C:$C,0)) -> 6 | B79: =INDEX(Albums!$B:$B, MATCH(C79,Albums!$C:$C,0)) -> 1995 | C79: Friends in High Places | D79: 9 | E79: Holding On | F79: Bullock | J79: Darlene Zschech, Geoff Bullock | K79: 0.14652778 | L79: =IF(AND(ISNUMBER(H79), COUNTIF([1]Songs!$L:$L,H79)>0),"YES","")
A80: =INDEX(Albums!$A:$A, MATCH(C80,Albums!$C:$C,0)) -> 6 | B80: =INDEX(Albums!$B:$B, MATCH(C80,Albums!$C:$C,0)) -> 1995 | C80: Friends in High Places | D80: 10 | E80: Because of Your Love | F80: Fragar | J80: Darlene Zschech; Craig Gower | K80: 0.11875 | L80: =IF(AND(ISNUMBER(H80), COUNTIF([1]Songs!$L:$L,H80)>0),"YES","")
A81: =INDEX(Albums!$A:$A, MATCH(C81,Albums!$C:$C,0)) -> 6 | B81: =INDEX(Albums!$B:$B, MATCH(C81,Albums!$C:$C,0)) -> 1995 | C81: Friends in High Places | D81: 11 | E81: King of Kings | F81: Bullock | J81: Darlene Zschech | K81: 0.13402778 | L81: =IF(AND(ISNUMBER(H81), COUNTIF([1]Songs!$L:$L,H81)>0),"YES","")
A82: =INDEX(Albums!$A:$A, MATCH(C82,Albums!$C:$C,0)) -> 6 | B82: =INDEX(Albums!$B:$B, MATCH(C82,Albums!$C:$C,0)) -> 1995 | C82: Friends in High Places | D82: 12 | E82: Lord I Give Myself | F82: Zschech | J82: Darlene Zschech | K82: 0.10347222 | L82: =IF(AND(ISNUMBER(H82), COUNTIF([1]Songs!$L:$L,H82)>0),"YES","")
... A85: =INDEX(Albums!$A:$A, MATCH(C85,Albums!$C:$C,0)) -> 6 | B85: =INDEX(Albums!$B:$B, MATCH(C85,Albums!$C:$C,0)) -> 1995 | C85: Friends in High Places | D85: 15 | E85: I Can't Wait | F85: Fragar | J85: Donia Makedonez; Lucy Fisher; Russell Fragar | K85: 0.21597222 | L85: =IF(AND(ISNUMBER(H85), COUNTIF([1]Songs!$L:$L,H85)>0),"YES","")
A86: =INDEX(Albums!$A:$A, MATCH(C86,Albums!$C:$C,0)) -> 7 | B86: =INDEX(Albums!$B:$B, MATCH(C86,Albums!$C:$C,0)) -> 1996 | C86: God Is in the House | D86: 1 | E86: God Is in the House | F86: Russell Fragar & Darlene Zschech | J86: Darlene Zschech | L86: =IF(AND(ISNUMBER(H86), COUNTIF([1]Songs!$L:$L,H86)>0),"YES","")
A87: =INDEX(Albums!$A:$A, MATCH(C87,Albums!$C:$C,0)) -> 7 | B87: =INDEX(Albums!$B:$B, MATCH(C87,Albums!$C:$C,0)) -> 1996 | C87: God Is in the House | D87: 2 | E87: Joy in the Holy Ghost | F87: Fragar | J87: Lucy Fisher | L87: =IF(AND(ISNUMBER(H87), COUNTIF([1]Songs!$L:$L,H87)>0),"YES","")
A88: =INDEX(Albums!$A:$A, MATCH(C88,Albums!$C:$C,0)) -> 7 | B88: =INDEX(Albums!$B:$B, MATCH(C88,Albums!$C:$C,0)) -> 1996 | C88: God Is in the House | D88: 3 | E88: Steppin' Out | F88: Steve McPherson | J88: Steve McPherson | L88: =IF(AND(ISNUMBER(H88), COUNTIF([1]Songs!$L:$L,H88)>0),"YES","")
A89: =INDEX(Albums!$A:$A, MATCH(C89,Albums!$C:$C,0)) -> 7 | B89: =INDEX(Albums!$B:$B, MATCH(C89,Albums!$C:$C,0)) -> 1996 | C89: God Is in the House | D89: 4 | E89: My Heart Sings Praises | F89: Fragar | J89: Darlene Zschech | L89: =IF(AND(ISNUMBER(H89), COUNTIF([1]Songs!$L:$L,H89)>0),"YES","")
A90: =INDEX(Albums!$A:$A, MATCH(C90,Albums!$C:$C,0)) -> 7 | B90: =INDEX(Albums!$B:$B, MATCH(C90,Albums!$C:$C,0)) -> 1996 | C90: God Is in the House | D90: 5 | E90: And That My Soul Knows Very Well | F90: Zschech & Fragar | J90: Darlene Zschech | L90: =IF(AND(ISNUMBER(H90), COUNTIF([1]Songs!$L:$L,H90)>0),"YES","")
A91: =INDEX(Albums!$A:$A, MATCH(C91,Albums!$C:$C,0)) -> 7 | B91: =INDEX(Albums!$B:$B, MATCH(C91,Albums!$C:$C,0)) -> 1996 | C91: God Is in the House | D91: 6 | E91: Jesus, What a Beautiful Name | F91: Tanya Riches | J91: Lisa Young | L91: =IF(AND(ISNUMBER(H91), COUNTIF([1]Songs!$L:$L,H91)>0),"YES","")
A92: =INDEX(Albums!$A:$A, MATCH(C92,Albums!$C:$C,0)) -> 7 | B92: =INDEX(Albums!$B:$B, MATCH(C92,Albums!$C:$C,0)) -> 1996 | C92: God Is in the House | D92: 7 | E92: Let the Peace of God Reign | F92: Zschech | J92: Rob Eastwood & Darlene Zschech | L92: =IF(AND(ISNUMBER(H92), COUNTIF([1]Songs!$L:$L,H92)>0),"YES","")
A93: =INDEX(Albums!$A:$A, MATCH(C93,Albums!$C:$C,0)) -> 7 | B93: =INDEX(Albums!$B:$B, MATCH(C93,Albums!$C:$C,0)) -> 1996 | C93: God Is in the House | D93: 8 | E93: I Give You My Heart | F93: Reuben Morgan | J93: Steve McPherson | L93: =IF(AND(ISNUMBER(H93), COUNTIF([1]Songs!$L:$L,H93)>0),"YES","")
A94: =INDEX(Albums!$A:$A, MATCH(C94,Albums!$C:$C,0)) -> 7 | B94: =INDEX(Albums!$B:$B, MATCH(C94,Albums!$C:$C,0)) -> 1996 | C94: God Is in the House | D94: 9 | E94: Walking in the Light | F94: Zschech | J94: Darlene Zschech | L94: =IF(AND(ISNUMBER(H94), COUNTIF([1]Songs!$L:$L,H94)>0),"YES","")
A95: =INDEX(Albums!$A:$A, MATCH(C95,Albums!$C:$C,0)) -> 7 | B95: =INDEX(Albums!$B:$B, MATCH(C95,Albums!$C:$C,0)) -> 1996 | C95: God Is in the House | D95: 10 | E95: Your People Sing Praises | F95: Fragar | J95: Darlene Zschech | L95: =IF(AND(ISNUMBER(H95), COUNTIF([1]Songs!$L:$L,H95)>0),"YES","")
A96: =INDEX(Albums!$A:$A, MATCH(C96,Albums!$C:$C,0)) -> 7 | B96: =INDEX(Albums!$B:$B, MATCH(C96,Albums!$C:$C,0)) -> 1996 | C96: God Is in the House | D96: 11 | E96: I Believe the Promise | F96: Fragar | J96: Erica Crocker & Darlene Zschech | L96: =IF(AND(ISNUMBER(H96), COUNTIF([1]Songs!$L:$L,H96)>0),"YES","")
A97: =INDEX(Albums!$A:$A, MATCH(C97,Albums!$C:$C,0)) -> 7 | B97: =INDEX(Albums!$B:$B, MATCH(C97,Albums!$C:$C,0)) -> 1996 | C97: God Is in the House | D97: 12 | E97: Thank You, Lord | F97: Dennis Jernigan | J97: Darlene Zschech & Donia Gandjou | L97: =IF(AND(ISNUMBER(H97), COUNTIF([1]Songs!$L:$L,H97)>0),"YES","")
... A100: =INDEX(Albums!$A:$A, MATCH(C100,Albums!$C:$C,0)) -> 7 | B100: =INDEX(Albums!$B:$B, MATCH(C100,Albums!$C:$C,0)) -> 1996 | C100: God Is in the House | D100: 15 | E100: God Is in the House | F100: reprise | J100: Darlene Zschech | L100: =IF(AND(ISNUMBER(H100), COUNTIF([1]Songs!$L:$L,H100)>0),"YES","")
A101: =INDEX(Albums!$A:$A, MATCH(C101,Albums!$C:$C,0)) -> 8 | B101: =INDEX(Albums!$B:$B, MATCH(C101,Albums!$C:$C,0)) -> 1996 | C101: Shout To The Lord | D101: 1 | E101: Let the Peace of God Reign | F101: Darlene Zschech
A102: =INDEX(Albums!$A:$A, MATCH(C102,Albums!$C:$C,0)) -> 8 | B102: =INDEX(Albums!$B:$B, MATCH(C102,Albums!$C:$C,0)) -> 1996 | C102: Shout To The Lord | D102: 2 | E102: I Believe the Presence | F102: Russell Fragar
A103: =INDEX(Albums!$A:$A, MATCH(C103,Albums!$C:$C,0)) -> 8 | B103: =INDEX(Albums!$B:$B, MATCH(C103,Albums!$C:$C,0)) -> 1996 | C103: Shout To The Lord | D103: 3 | E103: People Just Like Us | F103: Fragar
A104: =INDEX(Albums!$A:$A, MATCH(C104,Albums!$C:$C,0)) -> 8 | B104: =INDEX(Albums!$B:$B, MATCH(C104,Albums!$C:$C,0)) -> 1996 | C104: Shout To The Lord | D104: 4 | E104: Jesus, Jesus | F104: Geoff Bullock
A105: =INDEX(Albums!$A:$A, MATCH(C105,Albums!$C:$C,0)) -> 8 | B105: =INDEX(Albums!$B:$B, MATCH(C105,Albums!$C:$C,0)) -> 1996 | C105: Shout To The Lord | D105: 5 | E105: I Will Never Be | F105: Bullock
A106: =INDEX(Albums!$A:$A, MATCH(C106,Albums!$C:$C,0)) -> 8 | B106: =INDEX(Albums!$B:$B, MATCH(C106,Albums!$C:$C,0)) -> 1996 | C106: Shout To The Lord | D106: 6 | E106: Jesus, Lover of My Soul | F106: John Ezzy, Daniel Grul, Steve McPherson
A107: =INDEX(Albums!$A:$A, MATCH(C107,Albums!$C:$C,0)) -> 8 | B107: =INDEX(Albums!$B:$B, MATCH(C107,Albums!$C:$C,0)) -> 1996 | C107: Shout To The Lord | D107: 7 | E107: Show Me Your Ways | F107: Fragar
A108: =INDEX(Albums!$A:$A, MATCH(C108,Albums!$C:$C,0)) -> 8 | B108: =INDEX(Albums!$B:$B, MATCH(C108,Albums!$C:$C,0)) -> 1996 | C108: Shout To The Lord | D108: 8 | E108: All the Power You Need (He's Real) | F108: Fragar
A109: =INDEX(Albums!$A:$A, MATCH(C109,Albums!$C:$C,0)) -> 8 | B109: =INDEX(Albums!$B:$B, MATCH(C109,Albums!$C:$C,0)) -> 1996 | C109: Shout To The Lord | D109: 9 | E109: Power of Your Love | F109: Bullock
...

Sheet Rejected (Compilations)
A1: Year | B1: Album | C1: Band | D1: Song # | E1: Title | F1: Author | G1: Worship leader(s) | H1: Length | I1: CCLI# | J1: Original Key | K1: Notes | L1: In MC?
A2: 2016 | B2: Of Dirt and Grace: Live from the Land | C2: Worship | D2: 1 | E2: Here Now (Madness) | F2: Joel Houston, Michael Guy Chislett | G2: Joel Houston, Taya Smith, Jad Gillies | H2: 0.31527778 | L2: =IF(AND(ISNUMBER(I2), COUNTIF([1]Songs!$L:$L,I2)>0),"YES","")
A3: 2016 | B3: Of Dirt and Grace: Live from the Land | C3: Worship | D3: 2 | E3: Say the Word | F3: Houston | G3: Jad Gillies | H3: 0.15486111 | L3: =IF(AND(ISNUMBER(I3), COUNTIF([1]Songs!$L:$L,I3)>0),"YES","")
A4: 2016 | B4: Of Dirt and Grace: Live from the Land | C4: Worship | D4: 3 | E4: Heart Like Heaven (Falling) | F4: Matt Crocker, Houston | G4: Matt Crocker | H4: 0.34305556 | L4: =IF(AND(ISNUMBER(I4), COUNTIF([1]Songs!$L:$L,I4)>0),"YES","")
A5: 2016 | B5: Of Dirt and Grace: Live from the Land | C5: Worship | D5: 4 | E5: Touch the Sky | F5: Houston, Dylan Thomas, Chislett | G5: Taya Smith[4] | H5: 0.17013889 | L5: =IF(AND(ISNUMBER(I5), COUNTIF([1]Songs!$L:$L,I5)>0),"YES","")
A6: 2016 | B6: Of Dirt and Grace: Live from the Land | C6: Worship | D6: 5 | E6: Street Called Mercy | F6: Crocker, Houston | G6: Jonathon Douglass, Taya Smith, Matt Crocker | H6: 0.16458333 | L6: =IF(AND(ISNUMBER(I6), COUNTIF([1]Songs!$L:$L,I6)>0),"YES","")
A7: 2016 | B7: Of Dirt and Grace: Live from the Land | C7: Worship | D7: 6 | E7: When I Lost My Heart to You (Hallelujah) | F7: Houston | G7: Taya Smith, Matt Crocker | H7: 0.34791667 | L7: =IF(AND(ISNUMBER(I7), COUNTIF([1]Songs!$L:$L,I7)>0),"YES","")
A8: 2016 | B8: Of Dirt and Grace: Live from the Land | C8: Worship | D8: 7 | E8: Even When It Hurts (Praise Song) | F8: Houston | G8: Taya Smith[4] | H8: 0.24305556 | L8: =IF(AND(ISNUMBER(I8), COUNTIF([1]Songs!$L:$L,I8)>0),"YES","")
A9: 2016 | B9: Of Dirt and Grace: Live from the Land | C9: Worship | D9: 8 | E9: Prince of Peace | F9: Thomas, Houston, Crocker | G9: Taya Smith[12][4] | H9: 0.34166667 | L9: =IF(AND(ISNUMBER(I9), COUNTIF([1]Songs!$L:$L,I9)>0),"YES","")
A10: 2016 | B10: Of Dirt and Grace: Live from the Land | C10: Worship | D10: 9 | E10: Empires | F10: Houston, Thomas, Chris Davenport, Ben Tennikoff | G10: Joel Houston | H10: 0.30347222 | L10: =IF(AND(ISNUMBER(I10), COUNTIF([1]Songs!$L:$L,I10)>0),"YES","")
A11: 2016 | B11: Of Dirt and Grace: Live from the Land | C11: Worship | D11: 10 | E11: Rule | F11: Crocker, Houston, Tennikoff | G11: Matt Crocker | H11: 0.16458333 | L11: =IF(AND(ISNUMBER(I11), COUNTIF([1]Songs!$L:$L,I11)>0),"YES","")
A12: 2016 | B12: Of Dirt and Grace: Live from the Land | C12: Worship | D12: 11 | E12: Captain | F12: Benjamin Hastings, Seth Simmons | G12: Jad Gillies | H12: 0.26666667 | L12: =IF(AND(ISNUMBER(I12), COUNTIF([1]Songs!$L:$L,I12)>0),"YES","")
A13: 2016 | B13: Of Dirt and Grace: Live from the Land | C13: Worship | D13: 12 | E13: Closer Than You Know | F13: Houston, Crocker, Chislett | G13: Joel Houston, Taya Smith | H13: 0.41875 | L13: =IF(AND(ISNUMBER(I13), COUNTIF([1]Songs!$L:$L,I13)>0),"YES","")
... A29: 2012 | B29: Live in Miami: Welcome to the Aftermath | C29: Worship | D29: 4 | E29: Search My Heart | F29: Joel Houston, Matt Crocker | G29: Jad Gillies | H29: 0.29375 | L29: =IF(AND(ISNUMBER(I29), COUNTIF([1]Songs!$L:$L,I29)>0),"YES","")
A30: 2012 | B30: Live in Miami: Welcome to the Aftermath | C30: Worship | D30: 5 | E30: Mighty to Save | F30: Reuben Morgan, Ben Fielding | G30: Joel Houston | H30: 0.21666667 | K30: Popular | L30: =IF(AND(ISNUMBER(I30), COUNTIF([1]Songs!$L:$L,I30)>0),"YES","")
A31: 2012 | B31: Live in Miami: Welcome to the Aftermath | C31: Worship | D31: 6 | E31: Hosanna | F31: Brooke Fraser | G31: Hayley Law | H31: 0.26388889 | L31: =IF(AND(ISNUMBER(I31), COUNTIF([1]Songs!$L:$L,I31)>0),"YES","")
A32: 2012 | B32: Live in Miami: Welcome to the Aftermath | C32: Worship | D32: 7 | E32: All I Need Is You | F32: Marty Sampson | G32: Jad Gillies | H32: 0.24722222 | L32: =IF(AND(ISNUMBER(I32), COUNTIF([1]Songs!$L:$L,I32)>0),"YES","")
A33: 2012 | B33: Live in Miami: Welcome to the Aftermath | C33: Worship | D33: 8 | E33: Bones | F33: Joel Houston, Jill McCloghry | G33: Jill McCloghry | H33: 0.17152778 | L33: =IF(AND(ISNUMBER(I33), COUNTIF([1]Songs!$L:$L,I33)>0),"YES","")
A34: 2012 | B34: Live in Miami: Welcome to the Aftermath | C34: Worship | D34: 9 | E34: Nova | F34: Joel Houston, Matt Crocker, Michael Guy Chislett | G34: Matt Crocker | H34: 0.25138889 | L34: =IF(AND(ISNUMBER(I34), COUNTIF([1]Songs!$L:$L,I34)>0),"YES","")
A35: 2012 | B35: Live in Miami: Welcome to the Aftermath | C35: Worship | D35: 10 | E35: Aftermath | F35: Joel Houston | G35: Joel Houston | H35: 0.3375 | L35: =IF(AND(ISNUMBER(I35), COUNTIF([1]Songs!$L:$L,I35)>0),"YES","")
A36: 2012 | B36: Live in Miami: Welcome to the Aftermath | C36: Worship | D36: 11 | E36: Freedom Is Here / Shout Unto God | F36: Reuben Morgan, Scott Ligertwood / Joel Houston, Marty Sampson | G36: Jad Gillies / Joel Houston | H36: 0.32013889 | L36: =IF(AND(ISNUMBER(I36), COUNTIF([1]Songs!$L:$L,I36)>0),"YES","")
A37: 2012 | B37: Live in Miami: Welcome to the Aftermath | C37: Worship | D37: 12 | E37: Like An Avalanche | F37: Joel Houston, Dylan Thomas | G37: Hayley Law | H37: 0.26527778 | L37: =IF(AND(ISNUMBER(I37), COUNTIF([1]Songs!$L:$L,I37)>0),"YES","")
A38: 2012 | B38: Live in Miami: Welcome to the Aftermath | C38: Worship | D38: 13 | E38: Rhythms of Grace | F38: Chris Davenport, Dean Ussher | G38: Jad Gillies | H38: 0.26527778 | L38: =IF(AND(ISNUMBER(I38), COUNTIF([1]Songs!$L:$L,I38)>0),"YES","")
A39: 2012 | B39: Live in Miami: Welcome to the Aftermath | C39: Worship | D39: 14 | E39: Oh You Bring | F39: Matt Crocker | G39: Matt Crocker | H39: 0.26666667 | L39: =IF(AND(ISNUMBER(I39), COUNTIF([1]Songs!$L:$L,I39)>0),"YES","")
A40: 2012 | B40: Live in Miami: Welcome to the Aftermath | C40: Worship | D40: 15 | E40: The Stand | F40: Joel Houston | G40: Joel Houston | H40: 0.20416667 | L40: =IF(AND(ISNUMBER(I40), COUNTIF([1]Songs!$L:$L,I40)>0),"YES","")
A41: 2012 | B41: Live in Miami: Welcome to the Aftermath | C41: Worship | D41: 16 | E41: From the Inside Out | F41: Joel Houston | G41: Joel Houston | H41: 0.22083333 | L41: =IF(AND(ISNUMBER(I41), COUNTIF([1]Songs!$L:$L,I41)>0),"YES","")
A42: 2012 | B42: Live in Miami: Welcome to the Aftermath | C42: Worship | D42: 17 | E42: A Song to Sing... | F42: Joel Houston | G42: Joel Houston | H42: 0.11666667 | L42: =IF(AND(ISNUMBER(I42), COUNTIF([1]Songs!$L:$L,I42)>0),"YES","")
... A77: 2008 | B77: The I Heart Revolution: With Hearts as One | C77: Worship | D77: 30 | E77: Solution | F77: Joel Houston and Matt Crocker | G77: Joel Houston | H77: 0.24652778 | L77: =IF(AND(ISNUMBER(I77), COUNTIF([1]Songs!$L:$L,I77)>0),"YES","")
