Workbook

Sheet Statistics
A1: Category | B1: Count | D1: Volume | E1: Category | F1: Count
A2: TWI Total | B2: 232 | D2: Volume 1 | E2: Vol. 1-12 | F2: 124
A3: ALL CCWS | B3: 186 | E3: Hymns | F3: 20
A4: ALL Other | B4: 163 | E4: Psalms | F4: 12
F5: =SUM(F2:F4) -> 156
A6: Category | B6: Count
A7: Vol. 1-12 | B7: 124 | D7: Volume 2 | E7: Vol. 13-23 | F7: 98
A8: Vol. 13-23 | B8: 98 | E8: TWI Special | F8: 10
A9: TWI Special | B9: 10 | E9: WI Lite | F9: 10
A10: WI Lite | B10: 10 | E10: WI Singles | F10: 1
A11: WI Singles | B11: 1 | E11: Christmas | F11: 20
A12: Hymns | B12: 20 | E12: From CCWS Xmas | F12: 6
A13: Christmas | B13: 20 | F13: =SUM(F7:F12) -> 145
A14: Psalms | B14: 12
A15: From CCWS | B15: 94 | D15: Extra | E15: From CCWS | F15: 94
A16: From CCWS Xmas | B16: 6 | E16: Other | F16: 69
A17: Other | B17: 69 | F17: =SUM(F15:F16) -> 163
B18: =SUM(B7:B17) -> 464

Sheet Albums
A1: Order | B1: Year | C1: Title | D1: Tracks | E1: In List? | F1: Year | G1: Notes
A2: 1 | B2: 2014 | C2: The Worship Initiative, Vol. 01 | D2: 10 | E2: =IF(COUNTIF(Songs!$C:$C,C2),"","NO") | F2: 41765
A3: 1 | B3: 2014 | C3: The Worship Initiative, Vol. 02 | D3: 10 | E3: =IF(COUNTIF(Songs!$C:$C,C3),"","NO") | F3: 41786
A4: 1 | B4: 2014 | C4: The Worship Initiative, Vol. 03 | D4: 10 | E4: =IF(COUNTIF(Songs!$C:$C,C4),"","NO") | F4: 41807
A5: 1 | B5: 2014 | C5: The Worship Initiative, Vol. 04 | D5: 10 | E5: =IF(COUNTIF(Songs!$C:$C,C5),"","NO") | F5: 41828
A6: 1 | B6: 2014 | C6: The Worship Initiative, Vol. 05 | D6: 10 | E6: =IF(COUNTIF(Songs!$C:$C,C6),"","NO") | F6: 41849
A7: 1 | B7: 2014 | C7: The Worship Initiative, Vol. 06 | D7: 10 | E7: =IF(COUNTIF(Songs!$C:$C,C7),"","NO") | F7: 41872
A8: 1 | B8: 2014 | C8: The Worship Initiative, Vol. 07 | D8: 10 | E8: =IF(COUNTIF(Songs!$C:$C,C8),"","NO") | F8: 41891
A9: 1 | B9: 2014 | C9: The Worship Initiative, Vol. 08 | D9: 10 | E9: =IF(COUNTIF(Songs!$C:$C,C9),"","NO") | F9: 41912
A10: 1 | B10: 2014 | C10: The Worship Initiative, Vol. 09 | D10: 10 | E10: =IF(COUNTIF(Songs!$C:$C,C10),"","NO") | F10: 41933
A11: 1 | B11: 2014 | C11: The Worship Initiative, Vol. 10 | D11: 10 | E11: =IF(COUNTIF(Songs!$C:$C,C11),"","NO") | F11: 41961
A12: 1 | B12: 2015 | C12: The Worship Initiative | D12: 10 | E12: =IF(COUNTIF(Songs!$C:$C,C12),"","NO") | F12: 42122 | G12: Kickstarter Project
A13: 1 | B13: 2016 | C13: The Worship Initiative, Vol. 11 | D13: 11 | E13: =IF(COUNTIF(Songs!$C:$C,C13),"","NO") | F13: 42643
A14: 1 | B14: 2017 | C14: The Worship Initiative, Vol. 12 | D14: 13 | E14: =IF(COUNTIF(Songs!$C:$C,C14),"","NO") | F14: 42839
A15: 1 | B15: 2017 | C15: The Worship Initiative, Vol. 13 | D15: 5 | E15: =IF(COUNTIF(Songs!$C:$C,C15),"","NO") | F15: 43000
A16: 1 | B16: 2017 | C16: The Worship Initiative, Vol. 14 | D16: 5 | E16: =IF(COUNTIF(Songs!$C:$C,C16),"","NO") | F16: 43039
A17: 1 | B17: 2018 | C17: The Worship Initiative, Vol. 15 | D17: 5 | E17: =IF(COUNTIF(Songs!$C:$C,C17),"","NO") | F17: 43145
A18: 1 | B18: 2018 | C18: The Worship Initiative, Vol. 16 | D18: 10 | E18: =IF(COUNTIF(Songs!$C:$C,C18),"","NO") | F18: 43297
A19: 1 | B19: 2019 | C19: The Worship Initiative, Vol. 17 | D19: 12 | E19: =IF(COUNTIF(Songs!$C:$C,C19),"","NO") | F19: 43630
A20: 1 | B20: 2020 | C20: The Worship Initiative, Vol. 18 | D20: 10 | E20: =IF(COUNTIF(Songs!$C:$C,C20),"","NO") | F20: 43847
A21: 1 | B21: 2020 | C21: The Worship Initiative, Vol. 19 | D21: 10 | E21: =IF(COUNTIF(Songs!$C:$C,C21),"","NO") | F21: 43889
A22: 1 | B22: 2020 | C22: The Worship Initiative, Vol. 20 | D22: 10 | E22: =IF(COUNTIF(Songs!$C:$C,C22),"","NO") | F22: 43924
A23: 1 | B23: 2020 | C23: The Worship Initiative, Vol. 21 | D23: 10 | E23: =IF(COUNTIF(Songs!$C:$C,C23),"","NO") | F23: 44001
A24: 1 | B24: 2020 | C24: The Worship Initiative, Vol. 22 | D24: 11 | E24: =IF(COUNTIF(Songs!$C:$C,C24),"","NO") | F24: 44099
A25: 1 | B25: 2021 | C25: The Worship Initiative, Vol. 23 | D25: 10 | E25: =IF(COUNTIF(Songs!$C:$C,C25),"","NO") | F25: 44204 | G25: Prerelease
A26: 2 | B26: 2018 | C26: Hymns, Vol. 1 | D26: 10 | E26: =IF(COUNTIF(Songs!$C:$C,C26),"","NO") | F26: 43350
A27: 2 | B27: 2018 | C27: Hymns, Vol. 2 | D27: 10 | E27: =IF(COUNTIF(Songs!$C:$C,C27),"","NO") | F27: 43700
A28: 3 | B28: 2017 | C28: A Worship Initiative Christmas, Vol. 1 | D28: 10 | E28: =IF(COUNTIF(Songs!$C:$C,C28),"","NO") | F28: 42839
A29: 3 | B29: 2017 | C29: A Worship Initiative Christmas, Vol. 2 | D29: 10 | E29: =IF(COUNTIF(Songs!$C:$C,C29),"","NO") | F29: 42839
A30: 4 | B30: 2015 | C30: Psalms, Vol. 2 | D30: 12 | E30: =IF(COUNTIF(Songs!$C:$C,C30),"","NO") | F30: 42300
A31: 5 | C31: WI Lite | D31: 10 | E31: =IF(COUNTIF(Songs!$C:$C,C31),"","NO") | G31: Played live but not included on any album
A32: 5 | C32: WI Singles | D32: 1
A33: 6 | C33: CCWS
A34: 7 | C34: CCWS Christmas
A35: 8 | C35: Other
D36: =SUM(D2:D32) -> 295

Sheet Songs
A1: Number | B1: Year | C1: Album | D1: Track | E1: Title | F1: Alt Title | G1: Author | H1: Key | I1: Original Key | J1: Tempo (BPM) | K1: Time Signature | L1: CCLI# | M1: Publication Year | N1: Copyright Holder | O1: Category | P1: S&S Author | Q1: S&S Tempo | R1: S&S Key | S1: S&S Adj Key | T1: Status | U1: CCWS? | V1: S&S? | W1: Hillsong? | X1: Source | Y1: Other ID | Z1: Notes | AA1: All Keys | AB1: Other CCLI#
A2: 1 | B2: 2014 | C2: The Worship Initiative, Vol. 01 | D2: 1 | E2: Oceans | G2: Joel Houston, Matt Crocker | H2: D | I2: D | J2: 60 | K2: 4/4 | L2: 6428767 | M2: 2012 | N2: Hillsong Music Publishing Australia | O2: Contemporary | P2: Hillsong | Q2: 130 | R2: G | S2: G | T2: Done | U2: =IF(AND(ISNUMBER(L2),COUNTIF([2]Songs!$L:$L,L2)>0),"YES","") -> YES | V2: =IF(AND(ISNUMBER(L2),COUNTIF([3]Songs!$J:$J,L2)>0),"YES","") -> YES | W2: =IF(AND(ISNUMBER(L2),COUNTIF([1]Songs!$H:$H,L2)>0),"YES","") | X2: S&S | Y2: 1 | AA2: =I2 &IF(H2=I2,""," "&H2) &IF(OR(R2=I2,R2=H2),""," "&R2) &IF(R2=S2,""," "&S2) -> D G
A3: 1 | B3: 2014 | C3: The Worship Initiative, Vol. 01 | D3: 2 | E3: This Is Amazing Grace | G3: Jeremy Riddle, Josh Farro | H3: G | I3: Bb | J3: 100 | K3: 4/4 | L3: 6333821 | M3: 2012 | N3: Phil Wickham Music | O3: Contemporary | P3: Phil Wickham | Q3: 99 | R3: Bb | S3: A | T3: Done | U3: =IF(AND(ISNUMBER(L3),COUNTIF([2]Songs!$L:$L,L3)>0),"YES","") -> YES | V3: =IF(AND(ISNUMBER(L3),COUNTIF([3]Songs!$J:$J,L3)>0),"YES","") -> YES | W3: =IF(AND(ISNUMBER(L3),COUNTIF([1]Songs!$H:$H,L3)>0),"YES","") | X3: S&S | Y3: 2 | AA3: =I3 &IF(H3=I3,""," "&H3) &IF(OR(R3=I3,R3=H3),""," "&R3) &IF(R3=S3,""," "&S3) -> Bb G A
A4: 1 | B4: 2014 | C4: The Worship Initiative, Vol. 01 | D4: 3 | E4: All the Poor and Powerless | G4: David Leonard, Leslie Jordan | H4: A | I4: A | J4: 76 | K4: 4/4 | L4: 5881130 | M4: 2011 | N4: Integrity's Alleluia! Music | O4: Contemporary | P4: All Sons & Daughters | Q4: 72 | R4: B | S4: B | T4: Done | U4: =IF(AND(ISNUMBER(L4),COUNTIF([2]Songs!$L:$L,L4)>0),"YES","") -> YES | V4: =IF(AND(ISNUMBER(L4),COUNTIF([3]Songs!$J:$J,L4)>0),"YES","") -> YES | W4: =IF(AND(ISNUMBER(L4),COUNTIF([1]Songs!$H:$H,L4)>0),"YES","") | X4: S&S | Y4: 3 | AA4: =I4 &IF(H4=I4,""," "&H4) &IF(OR(R4=I4,R4=H4),""," "&R4) &IF(R4=S4,""," "&S4) -> A B
A5: 1 | B5: 2014 | C5: The Worship Initiative, Vol. 01 | D5: 4 | E5: Lord I Need You | G5: Christy Nockels, Daniel Carson | H5: B | I5: B | J5: 74 | K5: 4/4 | L5: 5925687 | M5: 2011 | N5: sixsteps Music | O5: Contemporary | P5: Matt Maher | Q5: 72 | R5: B | S5: B | T5: Done | U5: =IF(AND(ISNUMBER(L5),COUNTIF([2]Songs!$L:$L,L5)>0),"YES","") -> YES | V5: =IF(AND(ISNUMBER(L5),COUNTIF([3]Songs!$J:$J,L5)>0),"YES","") -> YES | W5: =IF(AND(ISNUMBER(L5),COUNTIF([1]Songs!$H:$H,L5)>0),"YES","") | X5: S&S | Y5: 4 | AA5: =I5 &IF(H5=I5,""," "&H5) &IF(OR(R5=I5,R5=H5),""," "&R5) &IF(R5=S5,""," "&S5) -> B
A6: 1 | B6: 2014 | C6: The Worship Initiative, Vol. 01 | D6: 5 | E6: In Christ Alone | F6: Passion | G6: Keith Getty, Stuart Townend | H6: D | I6: D | J6: 60 | K6: 3/4 | L6: 3350395 | M6: 2001 | N6: Thankyou Music | O6: Contemporary | P6: Passion | Q6: 64 | R6: E | S6: E | T6: Done | U6: =IF(AND(ISNUMBER(L6),COUNTIF([2]Songs!$L:$L,L6)>0),"YES","") -> YES | V6: =IF(AND(ISNUMBER(L6),COUNTIF([3]Songs!$J:$J,L6)>0),"YES","") -> YES | W6: =IF(AND(ISNUMBER(L6),COUNTIF([1]Songs!$H:$H,L6)>0),"YES","") | X6: S&S | Y6: 5 | AA6: =I6 &IF(H6=I6,""," "&H6) &IF(OR(R6=I6,R6=H6),""," "&R6) &IF(R6=S6,""," "&S6) -> D E
A7: 1 | B7: 2014 | C7: The Worship Initiative, Vol. 01 | D7: 6 | E7: Beautiful Things | G7: Lisa Gungor, Michael Gungor | H7: D | I7: D | J7: 82 | K7: 4/4 | L7: 5665521 | M7: 2009 | N7: worshiptogether.com | O7: Contemporary | P7: Gungor | Q7: 78 | R7: D | S7: D | T7: Done | U7: =IF(AND(ISNUMBER(L7),COUNTIF([2]Songs!$L:$L,L7)>0),"YES","") | V7: =IF(AND(ISNUMBER(L7),COUNTIF([3]Songs!$J:$J,L7)>0),"YES","") -> YES | W7: =IF(AND(ISNUMBER(L7),COUNTIF([1]Songs!$H:$H,L7)>0),"YES","") | X7: S&S | Y7: 6 | AA7: =I7 &IF(H7=I7,""," "&H7) &IF(OR(R7=I7,R7=H7),""," "&R7) &IF(R7=S7,""," "&S7) -> D
A8: 1 | B8: 2014 | C8: The Worship Initiative, Vol. 01 | D8: 7 | E8: Come Thou Fount | F8: Vol. 1 | G8: Robert Robinson, John Wyeth | H8: D | I8: D | J8: 68 | K8: 3/4 | L8: 7029505 | M8: 2013 | N8: Songs From Wellhouse | O8: Contemporary | P8: The Worship Initiative | Q8: 68 | R8: D | S8: D | T8: Done | U8: =IF(AND(ISNUMBER(L8),COUNTIF([2]Songs!$L:$L,L8)>0),"YES","") | V8: =IF(AND(ISNUMBER(L8),COUNTIF([3]Songs!$J:$J,L8)>0),"YES","") -> YES | W8: =IF(AND(ISNUMBER(L8),COUNTIF([1]Songs!$H:$H,L8)>0),"YES","") | X8: S&S | Y8: 7 | AA8: =I8 &IF(H8=I8,""," "&H8) &IF(OR(R8=I8,R8=H8),""," "&R8) &IF(R8=S8,""," "&S8) -> D
A9: 1 | B9: 2014 | C9: The Worship Initiative, Vol. 01 | D9: 8 | E9: 10,000 Reasons | G9: Jonas Myrin, Matt Redman | H9: G | I9: G | J9: 73 | K9: 4/4 | L9: 6016351 | M9: 2011 | N9: Atlas Mountain Songs | O9: Contemporary | P9: Matt Redman | Q9: 70 | R9: G | S9: G | T9: Done | U9: =IF(AND(ISNUMBER(L9),COUNTIF([2]Songs!$L:$L,L9)>0),"YES","") -> YES | V9: =IF(AND(ISNUMBER(L9),COUNTIF([3]Songs!$J:$J,L9)>0),"YES","") -> YES | W9: =IF(AND(ISNUMBER(L9),COUNTIF([1]Songs!$H:$H,L9)>0),"YES","") | X9: S&S | Y9: 8 | AA9: =I9 &IF(H9=I9,""," "&H9) &IF(OR(R9=I9,R9=H9),""," "&R9) &IF(R9=S9,""," "&S9) -> G
A10: 1 | B10: 2014 | C10: The Worship Initiative, Vol. 01 | D10: 9 | E10: Whom Shall I Fear | F10: God of Angel Armies | G10: Chris Tomlin, Ed Cash | H10: C | I10: C | J10: 75 | K10: 4/4 | L10: 6440288 | M10: 2012 | N10: Alletrop Music | O10: Contemporary | P10: Chris Tomlin | Q10: 74 | R10: C | S10: C | T10: Done | U10: =IF(AND(ISNUMBER(L10),COUNTIF([2]Songs!$L:$L,L10)>0),"YES","") -> YES | V10: =IF(AND(ISNUMBER(L10),COUNTIF([3]Songs!$J:$J,L10)>0),"YES","") -> YES | W10: =IF(AND(ISNUMBER(L10),COUNTIF([1]Songs!$H:$H,L10)>0),"YES","") | X10: S&S | Y10: 9 | AA10: =I10 &IF(H10=I10,""," "&H10) &IF(OR(R10=I10,R10=H10),""," "&R10) &IF(R10=S10,""," "&S10) -> C
A11: 1 | B11: 2014 | C11: The Worship Initiative, Vol. 01 | D11: 10 | E11: Happy Day | G11: Ben Cantelon, Tim Hughes | H11: C | I11: C | J11: 152 | K11: 4/4 | L11: 4847027 | M11: 2006 | N11: Thankyou Music | O11: Contemporary | P11: Tim Hughes | Q11: 132 | R11: C | S11: C | T11: Done | U11: =IF(AND(ISNUMBER(L11),COUNTIF([2]Songs!$L:$L,L11)>0),"YES","") | V11: =IF(AND(ISNUMBER(L11),COUNTIF([3]Songs!$J:$J,L11)>0),"YES","") -> YES | W11: =IF(AND(ISNUMBER(L11),COUNTIF([1]Songs!$H:$H,L11)>0),"YES","") | X11: S&S | Y11: 10 | AA11: =I11 &IF(H11=I11,""," "&H11) &IF(OR(R11=I11,R11=H11),""," "&R11) &IF(R11=S11,""," "&S11) -> C
A12: 1 | B12: 2014 | C12: The Worship Initiative, Vol. 02 | D12: 1 | E12: Heart Starts Beating | L12: 6578772 | N12: Seems Like Music | P12: Tim Neufeld | Q12: 112 | R12: A | S12: A | T12: N/A | U12: =IF(AND(ISNUMBER(L12),COUNTIF([2]Songs!$L:$L,L12)>0),"YES","") | V12: =IF(AND(ISNUMBER(L12),COUNTIF([3]Songs!$J:$J,L12)>0),"YES","") -> YES | W12: =IF(AND(ISNUMBER(L12),COUNTIF([1]Songs!$H:$H,L12)>0),"YES","") | X12: S&S | Y12: 11 | AA12: =I12 &IF(H12=I12,""," "&H12) &IF(OR(R12=I12,R12=H12),""," "&R12) &IF(R12=S12,""," "&S12) -> A
A13: 1 | B13: 2014 | C13: The Worship Initiative, Vol. 02 | D13: 2 | E13: Hosanna | F13: Praise is Rising | G13: Brenton Brown, Paul Baloche | H13: G | I13: G | J13: 114 | K13: 4/4 | L13: 4662491 | M13: 2006 | N13: Thankyou Music | O13: Contemporary | P13: Paul Baloche | Q13: 106 | R13: A | S13: A | T13: Done | U13: =IF(AND(ISNUMBER(L13),COUNTIF([2]Songs!$L:$L,L13)>0),"YES","") -> YES | V13: =IF(AND(ISNUMBER(L13),COUNTIF([3]Songs!$J:$J,L13)>0),"YES","") -> YES | W13: =IF(AND(ISNUMBER(L13),COUNTIF([1]Songs!$H:$H,L13)>0),"YES","") | X13: S&S | Y13: 12 | AA13: =I13 &IF(H13=I13,""," "&H13) &IF(OR(R13=I13,R13=H13),""," "&R13) &IF(R13=S13,""," "&S13) -> G A
A14: 1 | B14: 2014 | C14: The Worship Initiative, Vol. 02 | D14: 3 | E14: Forever Reign | G14: Jason Ingram, Reuben Morgan | H14: C | I14: C | J14: 83 | K14: 4/4 | L14: 5639997 | M14: 2009 | N14: Hillsong Music Publishing Australia | O14: Contemporary | P14: Hillsong | Q14: 83 | R14: C | S14: C | T14: Done | U14: =IF(AND(ISNUMBER(L14),COUNTIF([2]Songs!$L:$L,L14)>0),"YES","") | V14: =IF(AND(ISNUMBER(L14),COUNTIF([3]Songs!$J:$J,L14)>0),"YES","") -> YES | W14: =IF(AND(ISNUMBER(L14),COUNTIF([1]Songs!$H:$H,L14)>0),"YES","") -> YES | X14: S&S | Y14: 13 | AA14: =I14 &IF(H14=I14,""," "&H14) &IF(OR(R14=I14,R14=H14),""," "&R14) &IF(R14=S14,""," "&S14) -> C
A15: 1 | B15: 2014 | C15: The Worship Initiative, Vol. 02 | D15: 4 | E15: Mercy | G15: Matt Redman, Jonas Myrin | H15: C | I15: C | J15: 73 | K15: 4/4 | L15: 7000689 | M15: 2013 | N15: Atlas Mountain Songs | O15: Contemporary | P15: Matt Redman | Q15: 73 | R15: C | S15: C | T15: Done | U15: =IF(AND(ISNUMBER(L15),COUNTIF([2]Songs!$L:$L,L15)>0),"YES","") -> YES | V15: =IF(AND(ISNUMBER(L15),COUNTIF([3]Songs!$J:$J,L15)>0),"YES","") -> YES | W15: =IF(AND(ISNUMBER(L15),COUNTIF([1]Songs!$H:$H,L15)>0),"YES","") | X15: S&S | Y15: 14 | AA15: =I15 &IF(H15=I15,""," "&H15) &IF(OR(R15=I15,R15=H15),""," "&R15) &IF(R15=S15,""," "&S15) -> C
A16: 1 | B16: 2014 | C16: The Worship Initiative, Vol. 02 | D16: 5 | E16: How Great Is Our God | G16: Chris Tomlin, Ed Cash | H16: C | I16: C | J16: 76 | K16: 4/4 | L16: 4348399 | M16: 2004 | N16: sixsteps Music | O16: Contemporary | P16: Chris Tomlin | Q16: 84 | R16: C | S16: C | T16: Done | U16: =IF(AND(ISNUMBER(L16),COUNTIF([2]Songs!$L:$L,L16)>0),"YES","") -> YES | V16: =IF(AND(ISNUMBER(L16),COUNTIF([3]Songs!$J:$J,L16)>0),"YES","") -> YES | W16: =IF(AND(ISNUMBER(L16),COUNTIF([1]Songs!$H:$H,L16)>0),"YES","") | X16: S&S | Y16: 15 | AA16: =I16 &IF(H16=I16,""," "&H16) &IF(OR(R16=I16,R16=H16),""," "&R16) &IF(R16=S16,""," "&S16) -> C
A17: 1 | B17: 2014 | C17: The Worship Initiative, Vol. 02 | D17: 6 | E17: You Are My All In All | G17: Dennis Jernigan | H17: F | I17: F | J17: 80 | K17: 4/4 | L17: 825356 | M17: 1991 | N17: Shepherd's Heart Music, Inc. | O17: Intermediate | P17: Dennis Jernigan | Q17: 128 | R17: G | S17: G | T17: Done | U17: =IF(AND(ISNUMBER(L17),COUNTIF([2]Songs!$L:$L,L17)>0),"YES","") -> YES | V17: =IF(AND(ISNUMBER(L17),COUNTIF([3]Songs!$J:$J,L17)>0),"YES","") -> YES | W17: =IF(AND(ISNUMBER(L17),COUNTIF([1]Songs!$H:$H,L17)>0),"YES","") | X17: S&S | Y17: 16 | AA17: =I17 &IF(H17=I17,""," "&H17) &IF(OR(R17=I17,R17=H17),""," "&R17) &IF(R17=S17,""," "&S17) -> F G
A18: 1 | B18: 2014 | C18: The Worship Initiative, Vol. 02 | D18: 7 | E18: We Exalt Thee | L18: 17803 | P18: Pete Sanchez Jr. | Q18: 68 | R18: G | S18: G | T18: N/A | U18: =IF(AND(ISNUMBER(L18),COUNTIF([2]Songs!$L:$L,L18)>0),"YES","") | V18: =IF(AND(ISNUMBER(L18),COUNTIF([3]Songs!$J:$J,L18)>0),"YES","") -> YES | W18: =IF(AND(ISNUMBER(L18),COUNTIF([1]Songs!$H:$H,L18)>0),"YES","") | X18: S&S | Y18: 17 | AA18: =I18 &IF(H18=I18,""," "&H18) &IF(OR(R18=I18,R18=H18),""," "&R18) &IF(R18=S18,""," "&S18) -> G
A19: 1 | B19: 2014 | C19: The Worship Initiative, Vol. 02 | D19: 8 | E19: Our God | G19: Chris Tomlin, Jesse Reeves | H19: B | I19: B | J19: 105 | K19: 4/4 | L19: 5677416 | M19: 2010 | N19: Atlas Mountain Songs | O19: Contemporary | P19: Chris Tomlin | Q19: 106 | R19: B | S19: B | T19: Done | U19: =IF(AND(ISNUMBER(L19),COUNTIF([2]Songs!$L:$L,L19)>0),"YES","") -> YES | V19: =IF(AND(ISNUMBER(L19),COUNTIF([3]Songs!$J:$J,L19)>0),"YES","") -> YES | W19: =IF(AND(ISNUMBER(L19),COUNTIF([1]Songs!$H:$H,L19)>0),"YES","") | X19: S&S | Y19: 18 | AA19: =I19 &IF(H19=I19,""," "&H19) &IF(OR(R19=I19,R19=H19),""," "&R19) &IF(R19=S19,""," "&S19) -> B
A20: 1 | B20: 2014 | C20: The Worship Initiative, Vol. 02 | D20: 9 | E20: Open the Eyes of My Heart | G20: Paul Baloche | H20: E | I20: E | J20: 112 | K20: 4/4 | L20: 2298355 | M20: 1997 | N20: Integrity's Hosanna! Music | O20: Intermediate | P20: Paul Baloche | Q20: 110 | R20: B | S20: B | T20: Done | U20: =IF(AND(ISNUMBER(L20),COUNTIF([2]Songs!$L:$L,L20)>0),"YES","") -> YES | V20: =IF(AND(ISNUMBER(L20),COUNTIF([3]Songs!$J:$J,L20)>0),"YES","") -> YES | W20: =IF(AND(ISNUMBER(L20),COUNTIF([1]Songs!$H:$H,L20)>0),"YES","") | X20: S&S | Y20: 19 | AA20: =I20 &IF(H20=I20,""," "&H20) &IF(OR(R20=I20,R20=H20),""," "&R20) &IF(R20=S20,""," "&S20) -> E B
A21: 1 | B21: 2014 | C21: The Worship Initiative, Vol. 02 | D21: 10 | E21: Better Is One Day | G21: Matt Redman | H21: E | I21: E | J21: 77 | K21: 4/4 | L21: 1097451 | M21: 1995 | N21: Thankyou Music | O21: Intermediate | P21: Matt Redman | Q21: 79 | R21: E | S21: E | T21: Done | U21: =IF(AND(ISNUMBER(L21),COUNTIF([2]Songs!$L:$L,L21)>0),"YES","") -> YES | V21: =IF(AND(ISNUMBER(L21),COUNTIF([3]Songs!$J:$J,L21)>0),"YES","") -> YES | W21: =IF(AND(ISNUMBER(L21),COUNTIF([1]Songs!$H:$H,L21)>0),"YES","") | X21: S&S | Y21: 20 | AA21: =I21 &IF(H21=I21,""," "&H21) &IF(OR(R21=I21,R21=H21),""," "&R21) &IF(R21=S21,""," "&S21) -> E
A22: 1 | B22: 2014 | C22: The Worship Initiative, Vol. 03 | D22: 1 | E22: So I Can Love | L22: 7031125 | P22: The Worship Initiative | Q22: 124 | R22: Ab | S22: G | T22: N/A | U22: =IF(AND(ISNUMBER(L22),COUNTIF([2]Songs!$L:$L,L22)>0),"YES","") | V22: =IF(AND(ISNUMBER(L22),COUNTIF([3]Songs!$J:$J,L22)>0),"YES","") -> YES | W22: =IF(AND(ISNUMBER(L22),COUNTIF([1]Songs!$H:$H,L22)>0),"YES","") | X22: S&S | Y22: 21 | AA22: =I22 &IF(H22=I22,""," "&H22) &IF(OR(R22=I22,R22=H22),""," "&R22) &IF(R22=S22,""," "&S22) -> Ab G
A23: 1 | B23: 2014 | C23: The Worship Initiative, Vol. 03 | D23: 2 | E23: I Will Follow | G23: Chris Tomlin, Jason Ingram | H23: A | I23: Bb | J23: 96 | K23: 4/4 | L23: 5806878 | M23: 2010 | N23: SHOUT! Music Publishing Australia | O23: Contemporary | P23: Chris Tomlin | Q23: 96 | R23: G | S23: G | T23: Done | U23: =IF(AND(ISNUMBER(L23),COUNTIF([2]Songs!$L:$L,L23)>0),"YES","") -> YES | V23: =IF(AND(ISNUMBER(L23),COUNTIF([3]Songs!$J:$J,L23)>0),"YES","") -> YES | W23: =IF(AND(ISNUMBER(L23),COUNTIF([1]Songs!$H:$H,L23)>0),"YES","") | X23: S&S | Y23: 22 | AA23: =I23 &IF(H23=I23,""," "&H23) &IF(OR(R23=I23,R23=H23),""," "&R23) &IF(R23=S23,""," "&S23) -> Bb A G
A24: 1 | B24: 2014 | C24: The Worship Initiative, Vol. 03 | D24: 3 | E24: Liberty | L24: 6186872 | P24: Shane & Shane | Q24: 111 | R24: G | S24: G | T24: N/A | U24: =IF(AND(ISNUMBER(L24),COUNTIF([2]Songs!$L:$L,L24)>0),"YES","") | V24: =IF(AND(ISNUMBER(L24),COUNTIF([3]Songs!$J:$J,L24)>0),"YES","") -> YES | W24: =IF(AND(ISNUMBER(L24),COUNTIF([1]Songs!$H:$H,L24)>0),"YES","") | X24: S&S | Y24: 23 | AA24: =I24 &IF(H24=I24,""," "&H24) &IF(OR(R24=I24,R24=H24),""," "&R24) &IF(R24=S24,""," "&S24) -> G
A25: 1 | B25: 2014 | C25: The Worship Initiative, Vol. 03 | D25: 4 | E25: Oh Lord, You're Beautiful | G25: Keith Green | H25: D | I25: D | J25: 54 | K25: 4/4 | L25: 14514 | M25: 1980 | N25: Universal Music | O25: Intermediate | P25: Keith Green | Q25: 56 | R25: G | S25: G | T25: Done | U25: =IF(AND(ISNUMBER(L25),COUNTIF([2]Songs!$L:$L,L25)>0),"YES","") | V25: =IF(AND(ISNUMBER(L25),COUNTIF([3]Songs!$J:$J,L25)>0),"YES","") -> YES | W25: =IF(AND(ISNUMBER(L25),COUNTIF([1]Songs!$H:$H,L25)>0),"YES","") | X25: S&S | Y25: 24 | AA25: =I25 &IF(H25=I25,""," "&H25) &IF(OR(R25=I25,R25=H25),""," "&R25) &IF(R25=S25,""," "&S25) -> D G
A26: 1 | B26: 2014 | C26: The Worship Initiative, Vol. 03 | D26: 5 | E26: How He Loves | G26: John Mark McMillan | H26: C | I26: C | J26: 49 | K26: 6/8 | L26: 5032549 | M26: 2005 | N26: Integrity's Hosanna! Music | O26: Contemporary | P26: John Mark McMillan | Q26: 72.5 | R26: C | S26: C | T26: Done | U26: =IF(AND(ISNUMBER(L26),COUNTIF([2]Songs!$L:$L,L26)>0),"YES","") | V26: =IF(AND(ISNUMBER(L26),COUNTIF([3]Songs!$J:$J,L26)>0),"YES","") -> YES | W26: =IF(AND(ISNUMBER(L26),COUNTIF([1]Songs!$H:$H,L26)>0),"YES","") | X26: S&S | Y26: 25 | AA26: =I26 &IF(H26=I26,""," "&H26) &IF(OR(R26=I26,R26=H26),""," "&R26) &IF(R26=S26,""," "&S26) -> C
A27: 1 | B27: 2014 | C27: The Worship Initiative, Vol. 03 | D27: 6 | E27: Never Once | G27: Jason Ingram, Matt Redman | H27: B | I27: B | J27: 68 | K27: 4/4 | L27: 5997055 | M27: 2011 | N27: Chrysalis Music Ltd. | O27: Contemporary | P27: Matt Redman | Q27: 70 | R27: C | S27: C | T27: Done | U27: =IF(AND(ISNUMBER(L27),COUNTIF([2]Songs!$L:$L,L27)>0),"YES","") | V27: =IF(AND(ISNUMBER(L27),COUNTIF([3]Songs!$J:$J,L27)>0),"YES","") -> YES | W27: =IF(AND(ISNUMBER(L27),COUNTIF([1]Songs!$H:$H,L27)>0),"YES","") | X27: S&S | Y27: 26 | AA27: =I27 &IF(H27=I27,""," "&H27) &IF(OR(R27=I27,R27=H27),""," "&R27) &IF(R27=S27,""," "&S27) -> B C
A28: 1 | B28: 2014 | C28: The Worship Initiative, Vol. 03 | D28: 7 | E28: Shout to the Lord | G28: Darlene Zschech | H28: A | I28: A | J28: 76 | K28: 4/4 | L28: 1406918 | M28: 1993 | N28: Wondrous Worship | O28: Intermediate | P28: Hillsong | Q28: 80 | R28: B | S28: B | T28: Done | U28: =IF(AND(ISNUMBER(L28),COUNTIF([2]Songs!$L:$L,L28)>0),"YES","") -> YES | V28: =IF(AND(ISNUMBER(L28),COUNTIF([3]Songs!$J:$J,L28)>0),"YES","") -> YES | W28: =IF(AND(ISNUMBER(L28),COUNTIF([1]Songs!$H:$H,L28)>0),"YES","") | X28: S&S | Y28: 27 | AA28: =I28 &IF(H28=I28,""," "&H28) &IF(OR(R28=I28,R28=H28),""," "&R28) &IF(R28=S28,""," "&S28) -> A B
A29: 1 | B29: 2014 | C29: The Worship Initiative, Vol. 03 | D29: 8 | E29: Before The Throne of God Above | G29: Charitie L. Bancroft, Vikki Cook | H29: D | I29: D | J29: 76 | K29: 3/4 | L29: 2306412 | M29: 1997 | N29: Sovereign Grace Worship | O29: Intermediate | P29: Shane & Shane | Q29: 68 | R29: Eb | S29: D | T29: Done | U29: =IF(AND(ISNUMBER(L29),COUNTIF([2]Songs!$L:$L,L29)>0),"YES","") -> YES | V29: =IF(AND(ISNUMBER(L29),COUNTIF([3]Songs!$J:$J,L29)>0),"YES","") -> YES | W29: =IF(AND(ISNUMBER(L29),COUNTIF([1]Songs!$H:$H,L29)>0),"YES","") | X29: S&S | Y29: 28 | AA29: =I29 &IF(H29=I29,""," "&H29) &IF(OR(R29=I29,R29=H29),""," "&R29) &IF(R29=S29,""," "&S29) -> D Eb D
A30: 1 | B30: 2014 | C30: The Worship Initiative, Vol. 03 | D30: 9 | E30: Beautiful One | G30: Tim Hughes | H30: D | I30: D | J30: 122 | K30: 4/4 | L30: 3915912 | M30: 2002 | N30: Thankyou Music | O30: Contemporary | P30: Tim Hughes | Q30: 120 | R30: Eb | S30: D | T30: Done | U30: =IF(AND(ISNUMBER(L30),COUNTIF([2]Songs!$L:$L,L30)>0),"YES","") -> YES | V30: =IF(AND(ISNUMBER(L30),COUNTIF([3]Songs!$J:$J,L30)>0),"YES","") -> YES | W30: =IF(AND(ISNUMBER(L30),COUNTIF([1]Songs!$H:$H,L30)>0),"YES","") | X30: S&S | Y30: 29 | AA30: =I30 &IF(H30=I30,""," "&H30) &IF(OR(R30=I30,R30=H30),""," "&R30) &IF(R30=S30,""," "&S30) -> D Eb D
A31: 1 | B31: 2014 | C31: The Worship Initiative, Vol. 03 | D31: 10 | E31: Blessed Be Your Name | G31: Beth Redman, Matt Redman | H31: B | I31: B | J31: 116 | K31: 4/4 | L31: 3798438 | M31: 2002 | N31: Thankyou Music | O31: Contemporary | P31: Matt Redman | Q31: 114 | R31: B | S31: B | T31: Done | U31: =IF(AND(ISNUMBER(L31),COUNTIF([2]Songs!$L:$L,L31)>0),"YES","") -> YES | V31: =IF(AND(ISNUMBER(L31),COUNTIF([3]Songs!$J:$J,L31)>0),"YES","") -> YES | W31: =IF(AND(ISNUMBER(L31),COUNTIF([1]Songs!$H:$H,L31)>0),"YES","") | X31: S&S | Y31: 30 | AA31: =I31 &IF(H31=I31,""," "&H31) &IF(OR(R31=I31,R31=H31),""," "&R31) &IF(R31=S31,""," "&S31) -> B
A32: 1 | B32: 2014 | C32: The Worship Initiative, Vol. 04 | D32: 1 | E32: I Stand Amazed | F32: How Marvelous | G32: Charles Hutchinson Gabriel, Chris Tomlin | H32: G | I32: Ab | J32: 68 | K32: 4/4 | L32: 7029507 | M32: 2006 | N32: sixsteps Music | O32: Contemporary | P32: Chris Tomlin | Q32: 104 | R32: A | S32: A | T32: Done | U32: =IF(AND(ISNUMBER(L32),COUNTIF([2]Songs!$L:$L,L32)>0),"YES","") | V32: =IF(AND(ISNUMBER(L32),COUNTIF([3]Songs!$J:$J,L32)>0),"YES","") -> YES | W32: =IF(AND(ISNUMBER(L32),COUNTIF([1]Songs!$H:$H,L32)>0),"YES","") | X32: S&S | Y32: 31 | Z32: Special by S&S - Actually CCLI# 4674207 | AA32: =I32 &IF(H32=I32,""," "&H32) &IF(OR(R32=I32,R32=H32),""," "&R32) &IF(R32=S32,""," "&S32) -> Ab G A
A33: 1 | B33: 2014 | C33: The Worship Initiative, Vol. 04 | D33: 2 | E33: Our God Is Love | G33: Joel Houston, Scott Ligertwood | H33: F# | I33: F | J33: 121 | K33: 4/4 | L33: 5636866 | M33: 2009 | N33: Hillsong Music Publishing Australia | O33: Contemporary | P33: Hillsong | Q33: 118 | R33: F# | S33: F | T33: Done | U33: =IF(AND(ISNUMBER(L33),COUNTIF([2]Songs!$L:$L,L33)>0),"YES","") | V33: =IF(AND(ISNUMBER(L33),COUNTIF([3]Songs!$J:$J,L33)>0),"YES","") -> YES | W33: =IF(AND(ISNUMBER(L33),COUNTIF([1]Songs!$H:$H,L33)>0),"YES","") -> YES | X33: S&S | Y33: 32 | AA33: =I33 &IF(H33=I33,""," "&H33) &IF(OR(R33=I33,R33=H33),""," "&R33) &IF(R33=S33,""," "&S33) -> F F# F
A34: 1 | B34: 2014 | C34: The Worship Initiative, Vol. 04 | D34: 3 | E34: Holy Is The Lord | G34: Chris Tomlin, Louie Giglio | H34: A | I34: A | J34: 84 | K34: 4/4 | L34: 4158039 | M34: 2003 | N34: sixsteps Music | O34: Contemporary | P34: Chris Tomlin | Q34: 77 | R34: G | S34: G | T34: Done | U34: =IF(AND(ISNUMBER(L34),COUNTIF([2]Songs!$L:$L,L34)>0),"YES","") | V34: =IF(AND(ISNUMBER(L34),COUNTIF([3]Songs!$J:$J,L34)>0),"YES","") -> YES | W34: =IF(AND(ISNUMBER(L34),COUNTIF([1]Songs!$H:$H,L34)>0),"YES","") | X34: S&S | Y34: 33 | AA34: =I34 &IF(H34=I34,""," "&H34) &IF(OR(R34=I34,R34=H34),""," "&R34) &IF(R34=S34,""," "&S34) -> A G
A35: 1 | B35: 2014 | C35: The Worship Initiative, Vol. 04 | D35: 4 | E35: Here For You | G35: Jesse Reeves, Matt Maher | H35: G | I35: Ab | J35: 85 | K35: 4/4 | L35: 5925649 | M35: 2011 | N35: Chrysalis Music Ltd. | O35: Contemporary | P35: Matt Redman | Q35: 86 | R35: C | S35: C | T35: Done | U35: =IF(AND(ISNUMBER(L35),COUNTIF([2]Songs!$L:$L,L35)>0),"YES","") -> YES | V35: =IF(AND(ISNUMBER(L35),COUNTIF([3]Songs!$J:$J,L35)>0),"YES","") -> YES | W35: =IF(AND(ISNUMBER(L35),COUNTIF([1]Songs!$H:$H,L35)>0),"YES","") | X35: S&S | Y35: 34 | AA35: =I35 &IF(H35=I35,""," "&H35) &IF(OR(R35=I35,R35=H35),""," "&R35) &IF(R35=S35,""," "&S35) -> Ab G C
A36: 1 | B36: 2014 | C36: The Worship Initiative, Vol. 04 | D36: 5 | E36: Always | G36: Jason Ingram, Kristian Stanfill | H36: B | I36: B | J36: 70 | K36: 4/4 | L36: 5881037 | M36: 2010 | N36: sixsteps Music | O36: Contemporary | P36: Passion | Q36: 72 | R36: C | S36: C | T36: Done | U36: =IF(AND(ISNUMBER(L36),COUNTIF([2]Songs!$L:$L,L36)>0),"YES","") | V36: =IF(AND(ISNUMBER(L36),COUNTIF([3]Songs!$J:$J,L36)>0),"YES","") -> YES | W36: =IF(AND(ISNUMBER(L36),COUNTIF([1]Songs!$H:$H,L36)>0),"YES","") | X36: S&S | Y36: 35 | AA36: =I36 &IF(H36=I36,""," "&H36) &IF(OR(R36=I36,R36=H36),""," "&R36) &IF(R36=S36,""," "&S36) -> B C
A37: 1 | B37: 2014 | C37: The Worship Initiative, Vol. 04 | D37: 6 | E37: Here I Am To Worship | G37: Tim Hughes | H37: E | I37: E | J37: 75 | K37: 4/4 | L37: 3266032 | M37: 2000 | N37: Thankyou Music | O37: Contemporary | P37: Tim Hughes | Q37: 69 | R37: C | S37: C | T37: Done | U37: =IF(AND(ISNUMBER(L37),COUNTIF([2]Songs!$L:$L,L37)>0),"YES","") -> YES | V37: =IF(AND(ISNUMBER(L37),COUNTIF([3]Songs!$J:$J,L37)>0),"YES","") -> YES | W37: =IF(AND(ISNUMBER(L37),COUNTIF([1]Songs!$H:$H,L37)>0),"YES","") | X37: S&S | Y37: 36 | AA37: =I37 &IF(H37=I37,""," "&H37) &IF(OR(R37=I37,R37=H37),""," "&R37) &IF(R37=S37,""," "&S37) -> E C
A38: 1 | B38: 2014 | C38: The Worship Initiative, Vol. 04 | D38: 7 | E38: Worthy of Affection | G38: Shane Barnard, Shane Everett | H38: C | I38: C | J38: 56 | K38: 4/4 | L38: 5627772 | M38: 2009 | N38: River Oaks Music Company | O38: Contemporary | P38: Shane & Shane | Q38: 58 | R38: C | S38: C | T38: NoNumber | U38: =IF(AND(ISNUMBER(L38),COUNTIF([2]Songs!$L:$L,L38)>0),"YES","") | V38: =IF(AND(ISNUMBER(L38),COUNTIF([3]Songs!$J:$J,L38)>0),"YES","") -> YES | W38: =IF(AND(ISNUMBER(L38),COUNTIF([1]Songs!$H:$H,L38)>0),"YES","") | X38: S&S | Y38: 37 | AA38: =I38 &IF(H38=I38,""," "&H38) &IF(OR(R38=I38,R38=H38),""," "&R38) &IF(R38=S38,""," "&S38) -> C
A39: 1 | B39: 2014 | C39: The Worship Initiative, Vol. 04 | D39: 8 | E39: Healer | G39: Mike Guglielmucci | H39: B | I39: B | J39: 80 | K39: 4/4 | L39: 4873981 | M39: 2007 | N39: Planetshakers Ministries Int. Inc. | O39: Contemporary | P39: Hillsong | Q39: 77 | R39: A | S39: A | T39: Done | U39: =IF(AND(ISNUMBER(L39),COUNTIF([2]Songs!$L:$L,L39)>0),"YES","") -> YES | V39: =IF(AND(ISNUMBER(L39),COUNTIF([3]Songs!$J:$J,L39)>0),"YES","") -> YES | W39: =IF(AND(ISNUMBER(L39),COUNTIF([1]Songs!$H:$H,L39)>0),"YES","") -> YES | X39: S&S | Y39: 38 | AA39: =I39 &IF(H39=I39,""," "&H39) &IF(OR(R39=I39,R39=H39),""," "&R39) &IF(R39=S39,""," "&S39) -> B A
A40: 1 | B40: 2014 | C40: The Worship Initiative, Vol. 04 | D40: 9 | E40: It Is Well | F40: Hymn | G40: Horatio Gates Spafford, Philip Paul Bliss | H40: C | I40: C | J40: 82 | K40: 4/4 | L40: 7029513 | M40: 1873 | N40: Public Domain | O40: Hymn | P40: The Worship Initiative | Q40: 68 | R40: Db | S40: C | T40: Done | U40: =IF(AND(ISNUMBER(L40),COUNTIF([2]Songs!$L:$L,L40)>0),"YES","") | V40: =IF(AND(ISNUMBER(L40),COUNTIF([3]Songs!$J:$J,L40)>0),"YES","") -> YES | W40: =IF(AND(ISNUMBER(L40),COUNTIF([1]Songs!$H:$H,L40)>0),"YES","") | X40: S&S | Y40: 39 | Z40: Special by S&S - Actually CCLI# 25376 | AA40: =I40 &IF(H40=I40,""," "&H40) &IF(OR(R40=I40,R40=H40),""," "&R40) &IF(R40=S40,""," "&S40) -> C Db C
A41: 1 | B41: 2014 | C41: The Worship Initiative, Vol. 04 | D41: 10 | E41: O Praise Him | F41: All This For a King | G41: David Crowder | H41: A | I41: Bb | J41: 116 | K41: 4/4 | L41: 4158022 | M41: 2003 | N41: sixsteps Music | O41: Contemporary | P41: Crowder | Q41: 115 | R41: Bb | S41: A | T41: Done | U41: =IF(AND(ISNUMBER(L41),COUNTIF([2]Songs!$L:$L,L41)>0),"YES","") | V41: =IF(AND(ISNUMBER(L41),COUNTIF([3]Songs!$J:$J,L41)>0),"YES","") -> YES | W41: =IF(AND(ISNUMBER(L41),COUNTIF([1]Songs!$H:$H,L41)>0),"YES","") | X41: S&S | Y41: 40 | AA41: =I41 &IF(H41=I41,""," "&H41) &IF(OR(R41=I41,R41=H41),""," "&R41) &IF(R41=S41,""," "&S41) -> Bb A A
A42: 1 | B42: 2014 | C42: The Worship Initiative, Vol. 05 | D42: 1 | E42: Cornerstone | G42: Edward Mote, Eric Liljero | H42: C | I42: C | J42: 71 | K42: 4/4 | L42: 6158927 | M42: 2011 | N42: Hillsong Music Publishing Australia | O42: Contemporary | P42: Hillsong | Q42: 68 | R42: C | S42: C | T42: Done | U42: =IF(AND(ISNUMBER(L42),COUNTIF([2]Songs!$L:$L,L42)>0),"YES","") -> YES | V42: =IF(AND(ISNUMBER(L42),COUNTIF([3]Songs!$J:$J,L42)>0),"YES","") -> YES | W42: =IF(AND(ISNUMBER(L42),COUNTIF([1]Songs!$H:$H,L42)>0),"YES","") -> YES | X42: S&S | Y42: 41 | AA42: =I42 &IF(H42=I42,""," "&H42) &IF(OR(R42=I42,R42=H42),""," "&R42) &IF(R42=S42,""," "&S42) -> C
A43: 1 | B43: 2014 | C43: The Worship Initiative, Vol. 05 | D43: 2 | E43: Reign In Us | G43: Tim Neufeld, Jon Neufeld | H43: A | I43: A | J43: 72 | K43: 4/4 | L43: 5207587 | M43: 2008 | N43: Birdwing Music | O43: Contemporary | P43: Starfield | Q43: 71 | R43: C | S43: C | T43: Done | U43: =IF(AND(ISNUMBER(L43),COUNTIF([2]Songs!$L:$L,L43)>0),"YES","") | V43: =IF(AND(ISNUMBER(L43),COUNTIF([3]Songs!$J:$J,L43)>0),"YES","") -> YES | W43: =IF(AND(ISNUMBER(L43),COUNTIF([1]Songs!$H:$H,L43)>0),"YES","") | X43: S&S | Y43: 42 | AA43: =I43 &IF(H43=I43,""," "&H43) &IF(OR(R43=I43,R43=H43),""," "&R43) &IF(R43=S43,""," "&S43) -> A C
A44: 1 | B44: 2014 | C44: The Worship Initiative, Vol. 05 | D44: 3 | E44: Cannons | G44: Phil Wickham | H44: A | I44: A | J44: 78 | K44: 4/4 | L44: 5124055 | M44: 2006 | N44: Phil Wickham Music | O44: Contemporary | P44: Phil Wickham | Q44: 79 | R44: G | S44: G | T44: Done | U44: =IF(AND(ISNUMBER(L44),COUNTIF([2]Songs!$L:$L,L44)>0),"YES","") | V44: =IF(AND(ISNUMBER(L44),COUNTIF([3]Songs!$J:$J,L44)>0),"YES","") -> YES | W44: =IF(AND(ISNUMBER(L44),COUNTIF([1]Songs!$H:$H,L44)>0),"YES","") | X44: S&S | Y44: 43 | AA44: =I44 &IF(H44=I44,""," "&H44) &IF(OR(R44=I44,R44=H44),""," "&R44) &IF(R44=S44,""," "&S44) -> A G
A45: 1 | B45: 2014 | C45: The Worship Initiative, Vol. 05 | D45: 4 | E45: Though You Slay Me | G45: Shane Barnard, Beth Barnard | H45: A | I45: Bb | J45: 57 | K45: 4/4 | L45: 6590798 | M45: 2013 | N45: River Oaks Music Company | O45: Contemporary | P45: Shane & Shane | Q45: 58 | R45: G | S45: G | T45: Done | U45: =IF(AND(ISNUMBER(L45),COUNTIF([2]Songs!$L:$L,L45)>0),"YES","") | V45: =IF(AND(ISNUMBER(L45),COUNTIF([3]Songs!$J:$J,L45)>0),"YES","") -> YES | W45: =IF(AND(ISNUMBER(L45),COUNTIF([1]Songs!$H:$H,L45)>0),"YES","") | X45: S&S | Y45: 44 | AA45: =I45 &IF(H45=I45,""," "&H45) &IF(OR(R45=I45,R45=H45),""," "&R45) &IF(R45=S45,""," "&S45) -> Bb A G
A46: 1 | B46: 2014 | C46: The Worship Initiative, Vol. 05 | D46: 5 | E46: Let My Words Be Few | G46: Matt Redman, Beth Redman | H46: G | I46: Ab | J46: 90 | K46: 4/4 | L46: 3040980 | M46: 2000 | N46: Thankyou Music | O46: Contemporary | P46: Matt Redman | Q46: 71 | R46: A | S46: A | T46: Done | U46: =IF(AND(ISNUMBER(L46),COUNTIF([2]Songs!$L:$L,L46)>0),"YES","") | V46: =IF(AND(ISNUMBER(L46),COUNTIF([3]Songs!$J:$J,L46)>0),"YES","") -> YES | W46: =IF(AND(ISNUMBER(L46),COUNTIF([1]Songs!$H:$H,L46)>0),"YES","") | X46: S&S | Y46: 45 | AA46: =I46 &IF(H46=I46,""," "&H46) &IF(OR(R46=I46,R46=H46),""," "&R46) &IF(R46=S46,""," "&S46) -> Ab G A
A47: 1 | B47: 2014 | C47: The Worship Initiative, Vol. 05 | D47: 6 | E47: I Am Set Free | G47: Leslie Jordan | H47: E | I47: E | J47: 78 | K47: 4/4 | L47: 5880784 | M47: 2011 | N47: Integrity's Praise! Music | O47: Contemporary | P47: All Sons & Daughters | Q47: 78 | R47: A | S47: A | T47: Done | U47: =IF(AND(ISNUMBER(L47),COUNTIF([2]Songs!$L:$L,L47)>0),"YES","") | V47: =IF(AND(ISNUMBER(L47),COUNTIF([3]Songs!$J:$J,L47)>0),"YES","") -> YES | W47: =IF(AND(ISNUMBER(L47),COUNTIF([1]Songs!$H:$H,L47)>0),"YES","") | X47: S&S | Y47: 46 | AA47: =I47 &IF(H47=I47,""," "&H47) &IF(OR(R47=I47,R47=H47),""," "&R47) &IF(R47=S47,""," "&S47) -> E A
A48: 1 | B48: 2014 | C48: The Worship Initiative, Vol. 05 | D48: 7 | E48: Give Us Clean Hands | G48: Charlie Hall | H48: G | I48: Ab | J48: 75 | K48: 4/4 | L48: 2060208 | M48: 200 | N48: sixsteps Music | O48: Contemporary | P48: Chris Tomlin | Q48: 73 | R48: A | S48: A | T48: Done | U48: =IF(AND(ISNUMBER(L48),COUNTIF([2]Songs!$L:$L,L48)>0),"YES","") | V48: =IF(AND(ISNUMBER(L48),COUNTIF([3]Songs!$J:$J,L48)>0),"YES","") -> YES | W48: =IF(AND(ISNUMBER(L48),COUNTIF([1]Songs!$H:$H,L48)>0),"YES","") | X48: S&S | Y48: 47 | AA48: =I48 &IF(H48=I48,""," "&H48) &IF(OR(R48=I48,R48=H48),""," "&R48) &IF(R48=S48,""," "&S48) -> Ab G A
A49: 1 | B49: 2014 | C49: The Worship Initiative, Vol. 05 | D49: 8 | E49: Jesus Paid It All | G49: Alex Nifong, Elvina Hall | H49: B | I49: B | J49: 80 | K49: 3/4 | L49: 4689508 | M49: 2006 | N49: Pay Me Please Publishing | O49: Contemporary | P49: Passion | Q49: 70 | R49: D | S49: D | T49: Done | U49: =IF(AND(ISNUMBER(L49),COUNTIF([2]Songs!$L:$L,L49)>0),"YES","") | V49: =IF(AND(ISNUMBER(L49),COUNTIF([3]Songs!$J:$J,L49)>0),"YES","") -> YES | W49: =IF(AND(ISNUMBER(L49),COUNTIF([1]Songs!$H:$H,L49)>0),"YES","") | X49: S&S | Y49: 48 | AA49: =I49 &IF(H49=I49,""," "&H49) &IF(OR(R49=I49,R49=H49),""," "&R49) &IF(R49=S49,""," "&S49) -> B D
A50: 1 | B50: 2014 | C50: The Worship Initiative, Vol. 05 | D50: 9 | E50: Your Great Name | G50: Krissy Nordhoff, Michael Neale | H50: C | I50: C | J50: 75 | K50: 4/4 | L50: 5393329 | M50: 2008 | N50: Integrity's Praise! Music | O50: Contemporary | P50: Natalie Grant | Q50: 75 | R50: F# | S50: F | T50: Done | U50: =IF(AND(ISNUMBER(L50),COUNTIF([2]Songs!$L:$L,L50)>0),"YES","") -> YES | V50: =IF(AND(ISNUMBER(L50),COUNTIF([3]Songs!$J:$J,L50)>0),"YES","") -> YES | W50: =IF(AND(ISNUMBER(L50),COUNTIF([1]Songs!$H:$H,L50)>0),"YES","") | X50: S&S | Y50: 49 | AA50: =I50 &IF(H50=I50,""," "&H50) &IF(OR(R50=I50,R50=H50),""," "&R50) &IF(R50=S50,""," "&S50) -> C F# F
A51: 1 | B51: 2014 | C51: The Worship Initiative, Vol. 05 | D51: 10 | E51: The Wonderful Cross | G51: Chris Tomlin, Isaac Watts | H51: D | I51: D | J51: 88 | K51: 4/4 | L51: 3148435 | M51: 2000 | N51: sixsteps Music | O51: Contemporary | P51: Chris Tomlin | Q51: 88 | R51: E | S51: E | T51: Done | U51: =IF(AND(ISNUMBER(L51),COUNTIF([2]Songs!$L:$L,L51)>0),"YES","") -> YES | V51: =IF(AND(ISNUMBER(L51),COUNTIF([3]Songs!$J:$J,L51)>0),"YES","") -> YES | W51: =IF(AND(ISNUMBER(L51),COUNTIF([1]Songs!$H:$H,L51)>0),"YES","") | X51: S&S | Y51: 50 | AA51: =I51 &IF(H51=I51,""," "&H51) &IF(OR(R51=I51,R51=H51),""," "&R51) &IF(R51=S51,""," "&S51) -> D E
A52: 1 | B52: 2014 | C52: The Worship Initiative, Vol. 06 | D52: 1 | E52: Because He Lives | G52: Gloria Gaither, William J. Gaither | H52: G | I52: Ab | J52: 96 | K52: 4/4 | L52: 16880 | M52: 1971 | N52: Hanna Street Music | O52: Intermediate | P52: William Gaither | Q52: 118 | R52: A | S52: A | T52: Done | U52: =IF(AND(ISNUMBER(L52),COUNTIF([2]Songs!$L:$L,L52)>0),"YES","") -> YES | V52: =IF(AND(ISNUMBER(L52),COUNTIF([3]Songs!$J:$J,L52)>0),"YES","") -> YES | W52: =IF(AND(ISNUMBER(L52),COUNTIF([1]Songs!$H:$H,L52)>0),"YES","") | X52: S&S | Y52: 51 | AA52: =I52 &IF(H52=I52,""," "&H52) &IF(OR(R52=I52,R52=H52),""," "&R52) &IF(R52=S52,""," "&S52) -> Ab G A
A53: 1 | B53: 2014 | C53: The Worship Initiative, Vol. 06 | D53: 2 | E53: Now and Always | L53: 7029241 | P53: Shane & Shane | Q53: 70 | R53: A | S53: A | T53: N/A | U53: =IF(AND(ISNUMBER(L53),COUNTIF([2]Songs!$L:$L,L53)>0),"YES","") | V53: =IF(AND(ISNUMBER(L53),COUNTIF([3]Songs!$J:$J,L53)>0),"YES","") -> YES | W53: =IF(AND(ISNUMBER(L53),COUNTIF([1]Songs!$H:$H,L53)>0),"YES","") | X53: S&S | Y53: 52 | AA53: =I53 &IF(H53=I53,""," "&H53) &IF(OR(R53=I53,R53=H53),""," "&R53) &IF(R53=S53,""," "&S53) -> A
A54: 1 | B54: 2014 | C54: The Worship Initiative, Vol. 06 | D54: 3 | E54: Revelation Song | G54: Jennie L. Riddle | H54: D | I54: D | J54: 60 | K54: 4/4 | L54: 4447960 | M54: 2004 | N54: Gateway Create Publishing | O54: Contemporary | P54: Kari Jobe | Q54: 64 | R54: E | S54: E | T54: Done | U54: =IF(AND(ISNUMBER(L54),COUNTIF([2]Songs!$L:$L,L54)>0),"YES","") -> YES | V54: =IF(AND(ISNUMBER(L54),COUNTIF([3]Songs!$J:$J,L54)>0),"YES","") -> YES | W54: =IF(AND(ISNUMBER(L54),COUNTIF([1]Songs!$H:$H,L54)>0),"YES","") | X54: S&S | Y54: 53 | AA54: =I54 &IF(H54=I54,""," "&H54) &IF(OR(R54=I54,R54=H54),""," "&R54) &IF(R54=S54,""," "&S54) -> D E
A55: 1 | B55: 2014 | C55: The Worship Initiative, Vol. 06 | D55: 4 | E55: Great Is Thy Faithfulness | G55: Thomas Chisholm, William Runyan | H55: D | I55: D | J55: 75 | K55: 3/4 | L55: 18723 | M55: 1923 | N55: Public Domain | O55: Hymn | P55: The Worship Initiative | Q55: 85 | R55: E | S55: E | T55: Done | U55: =IF(AND(ISNUMBER(L55),COUNTIF([2]Songs!$L:$L,L55)>0),"YES","") -> YES | V55: =IF(AND(ISNUMBER(L55),COUNTIF([3]Songs!$J:$J,L55)>0),"YES","") -> YES | W55: =IF(AND(ISNUMBER(L55),COUNTIF([1]Songs!$H:$H,L55)>0),"YES","") | X55: S&S | Y55: 54 | AA55: =I55 &IF(H55=I55,""," "&H55) &IF(OR(R55=I55,R55=H55),""," "&R55) &IF(R55=S55,""," "&S55) -> D E
A56: 1 | B56: 2014 | C56: The Worship Initiative, Vol. 06 | D56: 5 | E56: The Cross Stands | G56: Tim Hughes, Nick Herbert | H56: A | I56: Bb | J56: 76 | K56: 4/4 | L56: 6521035 | M56: 2013 | N56: sixsteps Music | O56: Contemporary | P56: Tim Hughes | Q56: 74 | R56: Bb | S56: A | T56: NoNumber | U56: =IF(AND(ISNUMBER(L56),COUNTIF([2]Songs!$L:$L,L56)>0),"YES","") | V56: =IF(AND(ISNUMBER(L56),COUNTIF([3]Songs!$J:$J,L56)>0),"YES","") -> YES | W56: =IF(AND(ISNUMBER(L56),COUNTIF([1]Songs!$H:$H,L56)>0),"YES","") | X56: S&S | Y56: 55 | AA56: =I56 &IF(H56=I56,""," "&H56) &IF(OR(R56=I56,R56=H56),""," "&R56) &IF(R56=S56,""," "&S56) -> Bb A A
A57: 1 | B57: 2014 | C57: The Worship Initiative, Vol. 06 | D57: 6 | E57: Marvelous Light | G57: Charlie Hall | H57: B | I57: B | J57: 120 | K57: 4/4 | L57: 4491002 | M57: 2005 | N57: sixsteps Music | O57: Contemporary | P57: Charlie Hall | Q57: 113 | R57: Bb | S57: A | T57: Done | U57: =IF(AND(ISNUMBER(L57),COUNTIF([2]Songs!$L:$L,L57)>0),"YES","") | V57: =IF(AND(ISNUMBER(L57),COUNTIF([3]Songs!$J:$J,L57)>0),"YES","") -> YES | W57: =IF(AND(ISNUMBER(L57),COUNTIF([1]Songs!$H:$H,L57)>0),"YES","") | X57: S&S | Y57: 56 | AA57: =I57 &IF(H57=I57,""," "&H57) &IF(OR(R57=I57,R57=H57),""," "&R57) &IF(R57=S57,""," "&S57) -> B Bb A
A58: 1 | B58: 2014 | C58: The Worship Initiative, Vol. 06 | D58: 7 | E58: Forever | F58: Sing Praise | G58: Chris Tomlin | H58: A | I58: A | J58: 120 | K58: 4/4 | L58: 3148428 | M58: 2001 | N58: sixsteps Music | O58: Contemporary | P58: Chris Tomlin | Q58: 123 | R58: Bb | S58: A | T58: Done | U58: =IF(AND(ISNUMBER(L58),COUNTIF([2]Songs!$L:$L,L58)>0),"YES","") -> YES | V58: =IF(AND(ISNUMBER(L58),COUNTIF([3]Songs!$J:$J,L58)>0),"YES","") -> YES | W58: =IF(AND(ISNUMBER(L58),COUNTIF([1]Songs!$H:$H,L58)>0),"YES","") | X58: S&S | Y58: 57 | AA58: =I58 &IF(H58=I58,""," "&H58) &IF(OR(R58=I58,R58=H58),""," "&R58) &IF(R58=S58,""," "&S58) -> A Bb A
A59: 1 | B59: 2014 | C59: The Worship Initiative, Vol. 06 | D59: 8 | E59: One Thing Remains | G59: Brian Johnson, Christa B. Gifford | H59: G | I59: Bb | J59: 78 | K59: 4/4 | L59: 5508444 | M59: 2010 | N59: ChristaJoy Music Publishing | O59: Contemporary | P59: Brian Johnson | Q59: 71 | R59: Db | S59: C | T59: Done | U59: =IF(AND(ISNUMBER(L59),COUNTIF([2]Songs!$L:$L,L59)>0),"YES","") -> YES | V59: =IF(AND(ISNUMBER(L59),COUNTIF([3]Songs!$J:$J,L59)>0),"YES","") -> YES | W59: =IF(AND(ISNUMBER(L59),COUNTIF([1]Songs!$H:$H,L59)>0),"YES","") | X59: S&S | Y59: 58 | AA59: =I59 &IF(H59=I59,""," "&H59) &IF(OR(R59=I59,R59=H59),""," "&R59) &IF(R59=S59,""," "&S59) -> Bb G Db C
A60: 1 | B60: 2014 | C60: The Worship Initiative, Vol. 06 | D60: 9 | E60: Lead Me to the Cross | G60: Brooke Ligertwood | H60: D | I60: D | J60: 75 | K60: 4/4 | L60: 4785828 | M60: 2006 | N60: Hillsong Music Publishing Australia | O60: Contemporary | P60: Hillsong | Q60: 72 | R60: G | S60: G | T60: Done | U60: =IF(AND(ISNUMBER(L60),COUNTIF([2]Songs!$L:$L,L60)>0),"YES","") -> YES | V60: =IF(AND(ISNUMBER(L60),COUNTIF([3]Songs!$J:$J,L60)>0),"YES","") -> YES | W60: =IF(AND(ISNUMBER(L60),COUNTIF([1]Songs!$H:$H,L60)>0),"YES","") | X60: S&S | Y60: 59 | AA60: =I60 &IF(H60=I60,""," "&H60) &IF(OR(R60=I60,R60=H60),""," "&R60) &IF(R60=S60,""," "&S60) -> D G
A61: 1 | B61: 2014 | C61: The Worship Initiative, Vol. 06 | D61: 10 | E61: Your Grace is Enough | G61: Matt Maher | H61: G | I61: G | J61: 116 | K61: 4/4 | L61: 4477026 | M61: 2003 | N61: Thankyou Music | O61: Contemporary | P61: Matt Maher | Q61: 114 | R61: G | S61: G | T61: Done | U61: =IF(AND(ISNUMBER(L61),COUNTIF([2]Songs!$L:$L,L61)>0),"YES","") -> YES | V61: =IF(AND(ISNUMBER(L61),COUNTIF([3]Songs!$J:$J,L61)>0),"YES","") -> YES | W61: =IF(AND(ISNUMBER(L61),COUNTIF([1]Songs!$H:$H,L61)>0),"YES","") | X61: S&S | Y61: 60 | AA61: =I61 &IF(H61=I61,""," "&H61) &IF(OR(R61=I61,R61=H61),""," "&R61) &IF(R61=S61,""," "&S61) -> G
A62: 1 | B62: 2014 | C62: The Worship Initiative, Vol. 07 | D62: 1 | E62: You're Beautiful | G62: Phil Wickham | H62: D | I62: Eb | J62: 80 | K62: 4/4 | L62: 5124024 | M62: 2007 | N62: Phil Wickham Music | O62: Contemporary | P62: Phil Wickham | Q62: 80 | R62: Eb | S62: D | T62: Done | U62: =IF(AND(ISNUMBER(L62),COUNTIF([2]Songs!$L:$L,L62)>0),"YES","") | V62: =IF(AND(ISNUMBER(L62),COUNTIF([3]Songs!$J:$J,L62)>0),"YES","") -> YES | W62: =IF(AND(ISNUMBER(L62),COUNTIF([1]Songs!$H:$H,L62)>0),"YES","") | X62: S&S | Y62: 61 | AA62: =I62 &IF(H62=I62,""," "&H62) &IF(OR(R62=I62,R62=H62),""," "&R62) &IF(R62=S62,""," "&S62) -> Eb D D
A63: 1 | B63: 2014 | C63: The Worship Initiative, Vol. 07 | D63: 2 | E63: Hosanna | G63: Brooke Ligertwood | H63: E | I63: E | J63: 75 | K63: 4/4 | L63: 4785835 | M63: 2006 | N63: Hillsong Music Publishing Australia | O63: Contemporary | P63: Hillsong | Q63: 73.5 | R63: E | S63: E | T63: Done | U63: =IF(AND(ISNUMBER(L63),COUNTIF([2]Songs!$L:$L,L63)>0),"YES","") -> YES | V63: =IF(AND(ISNUMBER(L63),COUNTIF([3]Songs!$J:$J,L63)>0),"YES","") -> YES | W63: =IF(AND(ISNUMBER(L63),COUNTIF([1]Songs!$H:$H,L63)>0),"YES","") -> YES | X63: S&S | Y63: 62 | AA63: =I63 &IF(H63=I63,""," "&H63) &IF(OR(R63=I63,R63=H63),""," "&R63) &IF(R63=S63,""," "&S63) -> E
A64: 1 | B64: 2014 | C64: The Worship Initiative, Vol. 07 | D64: 3 | E64: Mighty to Save | G64: Ben Fielding, Reuben Morgan | H64: A | I64: A | J64: 74 | K64: 4/4 | L64: 4591782 | M64: 2006 | N64: Hillsong Music Publishing Australia | O64: Contemporary | P64: Hillsong | Q64: 75 | R64: C | S64: C | T64: Done | U64: =IF(AND(ISNUMBER(L64),COUNTIF([2]Songs!$L:$L,L64)>0),"YES","") -> YES | V64: =IF(AND(ISNUMBER(L64),COUNTIF([3]Songs!$J:$J,L64)>0),"YES","") -> YES | W64: =IF(AND(ISNUMBER(L64),COUNTIF([1]Songs!$H:$H,L64)>0),"YES","") -> YES | X64: S&S | Y64: 63 | AA64: =I64 &IF(H64=I64,""," "&H64) &IF(OR(R64=I64,R64=H64),""," "&R64) &IF(R64=S64,""," "&S64) -> A C
A65: 1 | B65: 2014 | C65: The Worship Initiative, Vol. 07 | D65: 4 | E65: Glorify Thy Name | L65: 1383 | P65: The Maranatha! Singers | Q65: 68 | R65: C | S65: C | U65: =IF(AND(ISNUMBER(L65),COUNTIF([2]Songs!$L:$L,L65)>0),"YES","") | V65: =IF(AND(ISNUMBER(L65),COUNTIF([3]Songs!$J:$J,L65)>0),"YES","") -> YES | W65: =IF(AND(ISNUMBER(L65),COUNTIF([1]Songs!$H:$H,L65)>0),"YES","") | X65: S&S | Y65: 64 | AA65: =I65 &IF(H65=I65,""," "&H65) &IF(OR(R65=I65,R65=H65),""," "&R65) &IF(R65=S65,""," "&S65) -> C
A66: 1 | B66: 2014 | C66: The Worship Initiative, Vol. 07 | D66: 5 | E66: Desert Song | L66: 5060793 | P66: Hillsong | Q66: 109 | R66: G | S66: G | U66: =IF(AND(ISNUMBER(L66),COUNTIF([2]Songs!$L:$L,L66)>0),"YES","") | V66: =IF(AND(ISNUMBER(L66),COUNTIF([3]Songs!$J:$J,L66)>0),"YES","") -> YES | W66: =IF(AND(ISNUMBER(L66),COUNTIF([1]Songs!$H:$H,L66)>0),"YES","") -> YES | X66: S&S | Y66: 65 | AA66: =I66 &IF(H66=I66,""," "&H66) &IF(OR(R66=I66,R66=H66),""," "&R66) &IF(R66=S66,""," "&S66) -> G
A67: 1 | B67: 2014 | C67: The Worship Initiative, Vol. 07 | D67: 6 | E67: Holy and Anointed One | L67: 164361 | P67: Brian Doerksen | Q67: 65 | R67: G | S67: G | U67: =IF(AND(ISNUMBER(L67),COUNTIF([2]Songs!$L:$L,L67)>0),"YES","") | V67: =IF(AND(ISNUMBER(L67),COUNTIF([3]Songs!$J:$J,L67)>0),"YES","") -> YES | W67: =IF(AND(ISNUMBER(L67),COUNTIF([1]Songs!$H:$H,L67)>0),"YES","") | X67: S&S | Y67: 66 | AA67: =I67 &IF(H67=I67,""," "&H67) &IF(OR(R67=I67,R67=H67),""," "&R67) &IF(R67=S67,""," "&S67) -> G
A68: 1 | B68: 2014 | C68: The Worship Initiative, Vol. 07 | D68: 7 | E68: Where Would I Be | L68: 5710744 | P68: Patrick Ryan Clark | Q68: 65 | R68: A | S68: A | U68: =IF(AND(ISNUMBER(L68),COUNTIF([2]Songs!$L:$L,L68)>0),"YES","") | V68: =IF(AND(ISNUMBER(L68),COUNTIF([3]Songs!$J:$J,L68)>0),"YES","") -> YES | W68: =IF(AND(ISNUMBER(L68),COUNTIF([1]Songs!$H:$H,L68)>0),"YES","") | X68: S&S | Y68: 67 | AA68: =I68 &IF(H68=I68,""," "&H68) &IF(OR(R68=I68,R68=H68),""," "&R68) &IF(R68=S68,""," "&S68) -> A
A69: 1 | B69: 2014 | C69: The Worship Initiative, Vol. 07 | D69: 8 | E69: Everything is Different | L69: 5627758 | P69: Shane & Shane | Q69: 124 | R69: Ab | S69: G | U69: =IF(AND(ISNUMBER(L69),COUNTIF([2]Songs!$L:$L,L69)>0),"YES","") | V69: =IF(AND(ISNUMBER(L69),COUNTIF([3]Songs!$J:$J,L69)>0),"YES","") -> YES | W69: =IF(AND(ISNUMBER(L69),COUNTIF([1]Songs!$H:$H,L69)>0),"YES","") | X69: S&S | Y69: 68 | AA69: =I69 &IF(H69=I69,""," "&H69) &IF(OR(R69=I69,R69=H69),""," "&R69) &IF(R69=S69,""," "&S69) -> Ab G
A70: 1 | B70: 2014 | C70: The Worship Initiative, Vol. 07 | D70: 9 | E70: Everlasting God | G70: Brenton Brown, Ken Riley | H70: A | I70: Bb | J70: 100 | K70: 4/4 | L70: 4556538 | M70: 2005 | N70: Thankyou Music | O70: Contemporary | P70: Brenton Brown | Q70: 113 | R70: B | S70: B | U70: =IF(AND(ISNUMBER(L70),COUNTIF([2]Songs!$L:$L,L70)>0),"YES","") -> YES | V70: =IF(AND(ISNUMBER(L70),COUNTIF([3]Songs!$J:$J,L70)>0),"YES","") -> YES | W70: =IF(AND(ISNUMBER(L70),COUNTIF([1]Songs!$H:$H,L70)>0),"YES","") | X70: S&S | Y70: 69 | AA70: =I70 &IF(H70=I70,""," "&H70) &IF(OR(R70=I70,R70=H70),""," "&R70) &IF(R70=S70,""," "&S70) -> Bb A B
A71: 1 | B71: 2014 | C71: The Worship Initiative, Vol. 07 | D71: 10 | E71: I Will Exalt You | L71: 5409079 | P71: Hillsong | Q71: 68 | R71: B | S71: B | U71: =IF(AND(ISNUMBER(L71),COUNTIF([2]Songs!$L:$L,L71)>0),"YES","") | V71: =IF(AND(ISNUMBER(L71),COUNTIF([3]Songs!$J:$J,L71)>0),"YES","") -> YES | W71: =IF(AND(ISNUMBER(L71),COUNTIF([1]Songs!$H:$H,L71)>0),"YES","") -> YES | X71: S&S | Y71: 70 | AA71: =I71 &IF(H71=I71,""," "&H71) &IF(OR(R71=I71,R71=H71),""," "&R71) &IF(R71=S71,""," "&S71) -> B
A72: 1 | B72: 2014 | C72: The Worship Initiative, Vol. 08 | D72: 1 | E72: The Stand | G72: Joel Houston | H72: A | I72: A | J72: 77 | K72: 4/4 | L72: 4705248 | M72: 2005 | N72: Hillsong Music Publishing Australia | O72: Contemporary | P72: Hillsong | Q72: 74 | R72: B | S72: B | U72: =IF(AND(ISNUMBER(L72),COUNTIF([2]Songs!$L:$L,L72)>0),"YES","") -> YES | V72: =IF(AND(ISNUMBER(L72),COUNTIF([3]Songs!$J:$J,L72)>0),"YES","") -> YES | W72: =IF(AND(ISNUMBER(L72),COUNTIF([1]Songs!$H:$H,L72)>0),"YES","") -> YES | X72: S&S | Y72: 71 | AA72: =I72 &IF(H72=I72,""," "&H72) &IF(OR(R72=I72,R72=H72),""," "&R72) &IF(R72=S72,""," "&S72) -> A B
A73: 1 | B73: 2014 | C73: The Worship Initiative, Vol. 08 | D73: 2 | E73: Indescribable | G73: Jesse Reeves, Laura Story | H73: G | I73: Bb | J73: 60 | K73: 6/8 | L73: 4403076 | M73: 2004 | N73: Laura Stories | O73: Contemporary | P73: Chris Tomlin | Q73: 90 | R73: B | S73: B | U73: =IF(AND(ISNUMBER(L73),COUNTIF([2]Songs!$L:$L,L73)>0),"YES","") -> YES | V73: =IF(AND(ISNUMBER(L73),COUNTIF([3]Songs!$J:$J,L73)>0),"YES","") -> YES | W73: =IF(AND(ISNUMBER(L73),COUNTIF([1]Songs!$H:$H,L73)>0),"YES","") | X73: S&S | Y73: 72 | AA73: =I73 &IF(H73=I73,""," "&H73) &IF(OR(R73=I73,R73=H73),""," "&R73) &IF(R73=S73,""," "&S73) -> Bb G B
A74: 1 | B74: 2014 | C74: The Worship Initiative, Vol. 08 | D74: 3 | E74: I Give You My Heart | L74: 1866132 | P74: Hillsong | Q74: 70 | R74: B | S74: B | U74: =IF(AND(ISNUMBER(L74),COUNTIF([2]Songs!$L:$L,L74)>0),"YES","") | V74: =IF(AND(ISNUMBER(L74),COUNTIF([3]Songs!$J:$J,L74)>0),"YES","") -> YES | W74: =IF(AND(ISNUMBER(L74),COUNTIF([1]Songs!$H:$H,L74)>0),"YES","") | X74: S&S | Y74: 73 | AA74: =I74 &IF(H74=I74,""," "&H74) &IF(OR(R74=I74,R74=H74),""," "&R74) &IF(R74=S74,""," "&S74) -> B
A75: 1 | B75: 2014 | C75: The Worship Initiative, Vol. 08 | D75: 4 | E75: Nothing But The Blood | L75: 4329411 | P75: Matt Redman | Q75: 77 | R75: C | S75: C | U75: =IF(AND(ISNUMBER(L75),COUNTIF([2]Songs!$L:$L,L75)>0),"YES","") | V75: =IF(AND(ISNUMBER(L75),COUNTIF([3]Songs!$J:$J,L75)>0),"YES","") -> YES | W75: =IF(AND(ISNUMBER(L75),COUNTIF([1]Songs!$H:$H,L75)>0),"YES","") | X75: S&S | Y75: 74 | AA75: =I75 &IF(H75=I75,""," "&H75) &IF(OR(R75=I75,R75=H75),""," "&R75) &IF(R75=S75,""," "&S75) -> C
A76: 1 | B76: 2014 | C76: The Worship Initiative, Vol. 08 | D76: 5 | E76: No Sweeter Name | L76: 4447984 | P76: Kari Jobe | Q76: 81 | R76: C | S76: C | U76: =IF(AND(ISNUMBER(L76),COUNTIF([2]Songs!$L:$L,L76)>0),"YES","") | V76: =IF(AND(ISNUMBER(L76),COUNTIF([3]Songs!$J:$J,L76)>0),"YES","") -> YES | W76: =IF(AND(ISNUMBER(L76),COUNTIF([1]Songs!$H:$H,L76)>0),"YES","") | X76: S&S | Y76: 75 | AA76: =I76 &IF(H76=I76,""," "&H76) &IF(OR(R76=I76,R76=H76),""," "&R76) &IF(R76=S76,""," "&S76) -> C
A77: 1 | B77: 2014 | C77: The Worship Initiative, Vol. 08 | D77: 6 | E77: You Never Let Go | L77: 4674166 | P77: Matt Redman | Q77: 80 | R77: C | S77: C | U77: =IF(AND(ISNUMBER(L77),COUNTIF([2]Songs!$L:$L,L77)>0),"YES","") | V77: =IF(AND(ISNUMBER(L77),COUNTIF([3]Songs!$J:$J,L77)>0),"YES","") -> YES | W77: =IF(AND(ISNUMBER(L77),COUNTIF([1]Songs!$H:$H,L77)>0),"YES","") | X77: S&S | Y77: 76 | AA77: =I77 &IF(H77=I77,""," "&H77) &IF(OR(R77=I77,R77=H77),""," "&R77) &IF(R77=S77,""," "&S77) -> C
A78: 1 | B78: 2014 | C78: The Worship Initiative, Vol. 08 | D78: 7 | E78: Enough | L78: 3599479 | P78: Chris Tomlin | Q78: 75 | R78: G | S78: G | U78: =IF(AND(ISNUMBER(L78),COUNTIF([2]Songs!$L:$L,L78)>0),"YES","") | V78: =IF(AND(ISNUMBER(L78),COUNTIF([3]Songs!$J:$J,L78)>0),"YES","") -> YES | W78: =IF(AND(ISNUMBER(L78),COUNTIF([1]Songs!$H:$H,L78)>0),"YES","") | X78: S&S | Y78: 77 | AA78: =I78 &IF(H78=I78,""," "&H78) &IF(OR(R78=I78,R78=H78),""," "&R78) &IF(R78=S78,""," "&S78) -> G
A79: 1 | B79: 2014 | C79: The Worship Initiative, Vol. 08 | D79: 8 | E79: Amazing Grace | F79: My Chains Are Gone | G79: Chris Tomlin, John Newton | H79: F | I79: F | J79: 60 | K79: 4/4 | L79: 4768151 | M79: 2006 | N79: sixsteps Music | O79: Contemporary | P79: Chris Tomlin | Q79: 63 | R79: G | S79: G | U79: =IF(AND(ISNUMBER(L79),COUNTIF([2]Songs!$L:$L,L79)>0),"YES","") -> YES | V79: =IF(AND(ISNUMBER(L79),COUNTIF([3]Songs!$J:$J,L79)>0),"YES","") -> YES | W79: =IF(AND(ISNUMBER(L79),COUNTIF([1]Songs!$H:$H,L79)>0),"YES","") | X79: S&S | Y79: 78 | AA79: =I79 &IF(H79=I79,""," "&H79) &IF(OR(R79=I79,R79=H79),""," "&R79) &IF(R79=S79,""," "&S79) -> F G
A80: 1 | B80: 2014 | C80: The Worship Initiative, Vol. 08 | D80: 9 | E80: Alive Again | L80: 5553530 | P80: Matt Maher | Q80: 120 | R80: A | S80: A | U80: =IF(AND(ISNUMBER(L80),COUNTIF([2]Songs!$L:$L,L80)>0),"YES","") | V80: =IF(AND(ISNUMBER(L80),COUNTIF([3]Songs!$J:$J,L80)>0),"YES","") -> YES | W80: =IF(AND(ISNUMBER(L80),COUNTIF([1]Songs!$H:$H,L80)>0),"YES","") | X80: S&S | Y80: 79 | AA80: =I80 &IF(H80=I80,""," "&H80) &IF(OR(R80=I80,R80=H80),""," "&R80) &IF(R80=S80,""," "&S80) -> A
A81: 1 | B81: 2014 | C81: The Worship Initiative, Vol. 08 | D81: 10 | E81: Yearn | L81: 4325556 | P81: Shane & Shane | Q81: 58 | R81: F# | S81: F | U81: =IF(AND(ISNUMBER(L81),COUNTIF([2]Songs!$L:$L,L81)>0),"YES","") | V81: =IF(AND(ISNUMBER(L81),COUNTIF([3]Songs!$J:$J,L81)>0),"YES","") -> YES | W81: =IF(AND(ISNUMBER(L81),COUNTIF([1]Songs!$H:$H,L81)>0),"YES","") | X81: S&S | Y81: 80 | AA81: =I81 &IF(H81=I81,""," "&H81) &IF(OR(R81=I81,R81=H81),""," "&R81) &IF(R81=S81,""," "&S81) -> F# F
A82: 1 | B82: 2014 | C82: The Worship Initiative, Vol. 09 | D82: 1 | E82: Your Love Is Strong | L82: 5295221 | P82: Jon Foreman | Q82: 110 | R82: B | S82: B | U82: =IF(AND(ISNUMBER(L82),COUNTIF([2]Songs!$L:$L,L82)>0),"YES","") | V82: =IF(AND(ISNUMBER(L82),COUNTIF([3]Songs!$J:$J,L82)>0),"YES","") -> YES | W82: =IF(AND(ISNUMBER(L82),COUNTIF([1]Songs!$H:$H,L82)>0),"YES","") | X82: S&S | Y82: 81 | AA82: =I82 &IF(H82=I82,""," "&H82) &IF(OR(R82=I82,R82=H82),""," "&R82) &IF(R82=S82,""," "&S82) -> B
A83: 1 | B83: 2014 | C83: The Worship Initiative, Vol. 09 | D83: 2 | E83: I'm Yours | F83: Nothing But The Blood | L83: 7029516 | P83: Shane & Shane | Q83: 58 | R83: B | S83: B | U83: =IF(AND(ISNUMBER(L83),COUNTIF([2]Songs!$L:$L,L83)>0),"YES","") | V83: =IF(AND(ISNUMBER(L83),COUNTIF([3]Songs!$J:$J,L83)>0),"YES","") -> YES | W83: =IF(AND(ISNUMBER(L83),COUNTIF([1]Songs!$H:$H,L83)>0),"YES","") | X83: S&S | Y83: 82 | AA83: =I83 &IF(H83=I83,""," "&H83) &IF(OR(R83=I83,R83=H83),""," "&R83) &IF(R83=S83,""," "&S83) -> B
A84: 1 | B84: 2014 | C84: The Worship Initiative, Vol. 09 | D84: 3 | E84: Heart of Worship | G84: Matt Redman | H84: D | I84: D | J84: 70 | K84: 4/4 | L84: 2296522 | M84: 1999 | N84: Thankyou Music | O84: Intermediate | P84: Matt Redman | Q84: 67 | R84: G | S84: G | U84: =IF(AND(ISNUMBER(L84),COUNTIF([2]Songs!$L:$L,L84)>0),"YES","") -> YES | V84: =IF(AND(ISNUMBER(L84),COUNTIF([3]Songs!$J:$J,L84)>0),"YES","") -> YES | W84: =IF(AND(ISNUMBER(L84),COUNTIF([1]Songs!$H:$H,L84)>0),"YES","") | X84: S&S | Y84: 83 | AA84: =I84 &IF(H84=I84,""," "&H84) &IF(OR(R84=I84,R84=H84),""," "&R84) &IF(R84=S84,""," "&S84) -> D G
A85: 1 | B85: 2014 | C85: The Worship Initiative, Vol. 09 | D85: 4 | E85: From The Inside Out | G85: Joel Houston | H85: C | I85: C | J85: 76 | K85: 4/4 | L85: 4705176 | M85: 2005 | N85: Hillsong Music Publishing Australia | O85: Contemporary | P85: Hillsong | Q85: 71 | R85: C | S85: C | U85: =IF(AND(ISNUMBER(L85),COUNTIF([2]Songs!$L:$L,L85)>0),"YES","") -> YES | V85: =IF(AND(ISNUMBER(L85),COUNTIF([3]Songs!$J:$J,L85)>0),"YES","") -> YES | W85: =IF(AND(ISNUMBER(L85),COUNTIF([1]Songs!$H:$H,L85)>0),"YES","") -> YES | X85: S&S | Y85: 84 | AA85: =I85 &IF(H85=I85,""," "&H85) &IF(OR(R85=I85,R85=H85),""," "&R85) &IF(R85=S85,""," "&S85) -> C
A86: 1 | B86: 2014 | C86: The Worship Initiative, Vol. 09 | D86: 5 | E86: Stronger | G86: Ben Fielding, Reuben Morgan | H86: C | I86: C | J86: 75 | K86: 3/4 | L86: 5060810 | M86: 2007 | N86: Hillsong Music Publishing Australia | O86: Contemporary | P86: Hillsong | Q86: 68 | R86: C | S86: C | U86: =IF(AND(ISNUMBER(L86),COUNTIF([2]Songs!$L:$L,L86)>0),"YES","") -> YES | V86: =IF(AND(ISNUMBER(L86),COUNTIF([3]Songs!$J:$J,L86)>0),"YES","") -> YES | W86: =IF(AND(ISNUMBER(L86),COUNTIF([1]Songs!$H:$H,L86)>0),"YES","") -> YES | X86: S&S | Y86: 85 | AA86: =I86 &IF(H86=I86,""," "&H86) &IF(OR(R86=I86,R86=H86),""," "&R86) &IF(R86=S86,""," "&S86) -> C
A87: 1 | B87: 2014 | C87: The Worship Initiative, Vol. 09 | D87: 6 | E87: That's How You Forgive | L87: 6590839 | P87: Shane & Shane | Q87: 78 | R87: C | S87: C | U87: =IF(AND(ISNUMBER(L87),COUNTIF([2]Songs!$L:$L,L87)>0),"YES","") | V87: =IF(AND(ISNUMBER(L87),COUNTIF([3]Songs!$J:$J,L87)>0),"YES","") -> YES | W87: =IF(AND(ISNUMBER(L87),COUNTIF([1]Songs!$H:$H,L87)>0),"YES","") | X87: S&S | Y87: 86 | AA87: =I87 &IF(H87=I87,""," "&H87) &IF(OR(R87=I87,R87=H87),""," "&R87) &IF(R87=S87,""," "&S87) -> C
A88: 1 | B88: 2014 | C88: The Worship Initiative, Vol. 09 | D88: 7 | E88: Christ Is Risen | L88: 5242683 | P88: Matt Maher | Q88: 83 | R88: E | S88: E | U88: =IF(AND(ISNUMBER(L88),COUNTIF([2]Songs!$L:$L,L88)>0),"YES","") | V88: =IF(AND(ISNUMBER(L88),COUNTIF([3]Songs!$J:$J,L88)>0),"YES","") -> YES | W88: =IF(AND(ISNUMBER(L88),COUNTIF([1]Songs!$H:$H,L88)>0),"YES","") | X88: S&S | Y88: 87 | AA88: =I88 &IF(H88=I88,""," "&H88) &IF(OR(R88=I88,R88=H88),""," "&R88) &IF(R88=S88,""," "&S88) -> E
A89: 1 | B89: 2014 | C89: The Worship Initiative, Vol. 09 | D89: 8 | E89: He is Exalted | L89: 17827 | P89: Twila Paris | Q89: 71 | R89: G | S89: G | U89: =IF(AND(ISNUMBER(L89),COUNTIF([2]Songs!$L:$L,L89)>0),"YES","") | V89: =IF(AND(ISNUMBER(L89),COUNTIF([3]Songs!$J:$J,L89)>0),"YES","") -> YES | W89: =IF(AND(ISNUMBER(L89),COUNTIF([1]Songs!$H:$H,L89)>0),"YES","") | X89: S&S | Y89: 88 | AA89: =I89 &IF(H89=I89,""," "&H89) &IF(OR(R89=I89,R89=H89),""," "&R89) &IF(R89=S89,""," "&S89) -> G
A90: 1 | B90: 2014 | C90: The Worship Initiative, Vol. 09 | D90: 9 | E90: When the Stars Burn Down | L90: 5720105 | P90: Phillips Craig & Dean | Q90: 73 | R90: A | S90: A | U90: =IF(AND(ISNUMBER(L90),COUNTIF([2]Songs!$L:$L,L90)>0),"YES","") | V90: =IF(AND(ISNUMBER(L90),COUNTIF([3]Songs!$J:$J,L90)>0),"YES","") -> YES | W90: =IF(AND(ISNUMBER(L90),COUNTIF([1]Songs!$H:$H,L90)>0),"YES","") | X90: S&S | Y90: 89 | AA90: =I90 &IF(H90=I90,""," "&H90) &IF(OR(R90=I90,R90=H90),""," "&R90) &IF(R90=S90,""," "&S90) -> A
A91: 1 | B91: 2014 | C91: The Worship Initiative, Vol. 09 | D91: 10 | E91: Your Name | L91: 4611679 | P91: Paul Baloche | Q91: 74 | R91: Bb | S91: A | U91: =IF(AND(ISNUMBER(L91),COUNTIF([2]Songs!$L:$L,L91)>0),"YES","") | V91: =IF(AND(ISNUMBER(L91),COUNTIF([3]Songs!$J:$J,L91)>0),"YES","") -> YES | W91: =IF(AND(ISNUMBER(L91),COUNTIF([1]Songs!$H:$H,L91)>0),"YES","") | X91: S&S | Y91: 90 | AA91: =I91 &IF(H91=I91,""," "&H91) &IF(OR(R91=I91,R91=H91),""," "&R91) &IF(R91=S91,""," "&S91) -> Bb A
A92: 1 | B92: 2014 | C92: The Worship Initiative, Vol. 10 | D92: 1 | E92: God is Able | L92: 5894275 | P92: Hillsong | Q92: 77 | R92: A | S92: A | U92: =IF(AND(ISNUMBER(L92),COUNTIF([2]Songs!$L:$L,L92)>0),"YES","") | V92: =IF(AND(ISNUMBER(L92),COUNTIF([3]Songs!$J:$J,L92)>0),"YES","") -> YES | W92: =IF(AND(ISNUMBER(L92),COUNTIF([1]Songs!$H:$H,L92)>0),"YES","") -> YES | X92: S&S | Y92: 91 | AA92: =I92 &IF(H92=I92,""," "&H92) &IF(OR(R92=I92,R92=H92),""," "&R92) &IF(R92=S92,""," "&S92) -> A
A93: 1 | B93: 2014 | C93: The Worship Initiative, Vol. 10 | D93: 2 | E93: Your Love Never Fails | G93: Anthony Skinner, Chris McClarney | H93: A | I93: Bb | J93: 116 | K93: 4/4 | L93: 5337172 | M93: 2008 | N93: Thankyou Music | O93: Contemporary | P93: Chris McClarney | Q93: 118 | R93: Bb | S93: A | U93: =IF(AND(ISNUMBER(L93),COUNTIF([2]Songs!$L:$L,L93)>0),"YES","") -> YES | V93: =IF(AND(ISNUMBER(L93),COUNTIF([3]Songs!$J:$J,L93)>0),"YES","") -> YES | W93: =IF(AND(ISNUMBER(L93),COUNTIF([1]Songs!$H:$H,L93)>0),"YES","") | X93: S&S | Y93: 92 | AA93: =I93 &IF(H93=I93,""," "&H93) &IF(OR(R93=I93,R93=H93),""," "&R93) &IF(R93=S93,""," "&S93) -> Bb A A
A94: 1 | B94: 2014 | C94: The Worship Initiative, Vol. 10 | D94: 3 | E94: Your Grace Finds Me | L94: 7000686 | P94: Matt Redman | Q94: 78 | R94: Bb | S94: A | U94: =IF(AND(ISNUMBER(L94),COUNTIF([2]Songs!$L:$L,L94)>0),"YES","") | V94: =IF(AND(ISNUMBER(L94),COUNTIF([3]Songs!$J:$J,L94)>0),"YES","") -> YES | W94: =IF(AND(ISNUMBER(L94),COUNTIF([1]Songs!$H:$H,L94)>0),"YES","") | X94: S&S | Y94: 93 | AA94: =I94 &IF(H94=I94,""," "&H94) &IF(OR(R94=I94,R94=H94),""," "&R94) &IF(R94=S94,""," "&S94) -> Bb A
A95: 1 | B95: 2014 | C95: The Worship Initiative, Vol. 10 | D95: 4 | E95: I Found It All | L95: 7029242 | P95: Shane & Shane | Q95: 66 | R95: Bb | S95: A | U95: =IF(AND(ISNUMBER(L95),COUNTIF([2]Songs!$L:$L,L95)>0),"YES","") | V95: =IF(AND(ISNUMBER(L95),COUNTIF([3]Songs!$J:$J,L95)>0),"YES","") -> YES | W95: =IF(AND(ISNUMBER(L95),COUNTIF([1]Songs!$H:$H,L95)>0),"YES","") | X95: S&S | Y95: 94 | AA95: =I95 &IF(H95=I95,""," "&H95) &IF(OR(R95=I95,R95=H95),""," "&R95) &IF(R95=S95,""," "&S95) -> Bb A
A96: 1 | B96: 2014 | C96: The Worship Initiative, Vol. 10 | D96: 5 | E96: Majesty | G96: Martin Smith, Stuart Garrard | H96: A | I96: Bb | J96: 68 | K96: 4/4 | L96: 4219071 | M96: 2004 | N96: Curious? Music UK | O96: Contemporary | P96: Delirious | Q96: 70 | R96: C | S96: C | U96: =IF(AND(ISNUMBER(L96),COUNTIF([2]Songs!$L:$L,L96)>0),"YES","") -> YES | V96: =IF(AND(ISNUMBER(L96),COUNTIF([3]Songs!$J:$J,L96)>0),"YES","") -> YES | W96: =IF(AND(ISNUMBER(L96),COUNTIF([1]Songs!$H:$H,L96)>0),"YES","") | X96: S&S | Y96: 95 | AA96: =I96 &IF(H96=I96,""," "&H96) &IF(OR(R96=I96,R96=H96),""," "&R96) &IF(R96=S96,""," "&S96) -> Bb A C
A97: 1 | B97: 2014 | C97: The Worship Initiative, Vol. 10 | D97: 6 | E97: Jesus Messiah | G97: Chris Tomlin, Daniel Carson | H97: B | I97: B | J97: 86 | K97: 4/4 | L97: 5183443 | M97: 2008 | N97: sixsteps Music | O97: Contemporary | P97: Chris Tomlin | Q97: 86 | R97: B | S97: B | U97: =IF(AND(ISNUMBER(L97),COUNTIF([2]Songs!$L:$L,L97)>0),"YES","") -> YES | V97: =IF(AND(ISNUMBER(L97),COUNTIF([3]Songs!$J:$J,L97)>0),"YES","") -> YES | W97: =IF(AND(ISNUMBER(L97),COUNTIF([1]Songs!$H:$H,L97)>0),"YES","") | X97: S&S | Y97: 96 | AA97: =I97 &IF(H97=I97,""," "&H97) &IF(OR(R97=I97,R97=H97),""," "&R97) &IF(R97=S97,""," "&S97) -> B
A98: 1 | B98: 2014 | C98: The Worship Initiative, Vol. 10 | D98: 7 | E98: I Will Rise | G98: Chris Tomlin, Jesse Reeves | H98: B | I98: B | J98: 82 | K98: 4/4 | L98: 5183450 | M98: 2008 | N98: sixsteps Music | O98: Contemporary | P98: Chris Tomlin | Q98: 77 | R98: B | S98: B | U98: =IF(AND(ISNUMBER(L98),COUNTIF([2]Songs!$L:$L,L98)>0),"YES","") -> YES | V98: =IF(AND(ISNUMBER(L98),COUNTIF([3]Songs!$J:$J,L98)>0),"YES","") -> YES | W98: =IF(AND(ISNUMBER(L98),COUNTIF([1]Songs!$H:$H,L98)>0),"YES","") | X98: S&S | Y98: 97 | AA98: =I98 &IF(H98=I98,""," "&H98) &IF(OR(R98=I98,R98=H98),""," "&R98) &IF(R98=S98,""," "&S98) -> B
A99: 1 | B99: 2014 | C99: The Worship Initiative, Vol. 10 | D99: 8 | E99: God of Wonders | G99: Marc Byrd, Steve Hindalong | H99: G | I99: Ab,Bb | J99: 82 | K99: 4/4 | L99: 3118757 | M99: 2000 | N99: Never Say Never Songs | O99: Contemporary | P99: Third Day | Q99: 84 | R99: G | S99: G | U99: =IF(AND(ISNUMBER(L99),COUNTIF([2]Songs!$L:$L,L99)>0),"YES","") -> YES | V99: =IF(AND(ISNUMBER(L99),COUNTIF([3]Songs!$J:$J,L99)>0),"YES","") -> YES | W99: =IF(AND(ISNUMBER(L99),COUNTIF([1]Songs!$H:$H,L99)>0),"YES","") | X99: S&S | Y99: 98 | AA99: =I99 &IF(H99=I99,""," "&H99) &IF(OR(R99=I99,R99=H99),""," "&R99) &IF(R99=S99,""," "&S99) -> Ab,Bb G
A100: 1 | B100: 2014 | C100: The Worship Initiative, Vol. 10 | D100: 9 | E100: You Are My King | F100: Amazing Love | G100: Billy J. Foote | H100: E | I100: E | J100: 70 | K100: 4/4 | L100: 2456623 | M100: 1996 | N100: worshiptogether.com songs | O100: Intermediate | P100: Hillsong | Q100: 70 | R100: D | S100: D | U100: =IF(AND(ISNUMBER(L100),COUNTIF([2]Songs!$L:$L,L100)>0),"YES","") -> YES | V100: =IF(AND(ISNUMBER(L100),COUNTIF([3]Songs!$J:$J,L100)>0),"YES","") -> YES | W100: =IF(AND(ISNUMBER(L100),COUNTIF([1]Songs!$H:$H,L100)>0),"YES","") | X100: S&S | Y100: 99 | AA100: =I100 &IF(H100=I100,""," "&H100) &IF(OR(R100=I100,R100=H100),""," "&R100) &IF(R100=S100,""," "&S100) -> E D
...
