Workbook

Sheet Statistics
A1: Category | B1: Count | D1: Volume | E1: Category | F1: Count
A2: TWI Total | B2: 232 | D2: Volume 1 | E2: Vol. 1-12 | F2: 124
A3: ALL CCWS | B3: 186 | E3: Hymns | F3: 20
A4: ALL Other | B4: 163 | E4: Psalms | F4: 12
F5: =SUM(F2:F4) -> 156
A6: Category | B6: Count
A7: Vol. 1-12 | B7: 124 | D7: Volume 2 | E7: Vol. 13-23 | F7: 98
A8: Vol. 13-23 | B8: 98 | E8: TWI Special | F8: 10
A9: TWI Special | B9: 10 | E9: WI Lite | F9: 10
A10: WI Lite | B10: 10 | E10: WI Singles | F10: 1
A11: WI Singles | B11: 1 | E11: Christmas | F11: 20
A12: Hymns | B12: 20 | E12: From CCWS Xmas | F12: 6
A13: Christmas | B13: 20 | F13: =SUM(F7:F12) -> 145
A14: Psalms | B14: 12
A15: From CCWS | B15: 94 | D15: Extra | E15: From CCWS | F15: 94
A16: From CCWS Xmas | B16: 6 | E16: Other | F16: 69
A17: Other | B17: 69 | F17: =SUM(F15:F16) -> 163
B18: =SUM(B7:B17) -> 464

Sheet Albums
A1: Number | B1: Year | C1: Title | D1: Tracks | E1: In List? | F1: Band | G1: Type | H1: Category | I1: Release Date | J1: Notes
B2: 2002 | C2: Psalms, Vol. 1 | D2: 13 | E2: =IF(COUNTIF(Songs!$C:$C,C2)>0,"","NO") -> NO | G2: Studio | H2: Psalms | I2: 37411 | J2: Not on TWI
B3: 2008 | C3: Glory in the Highest: A Christmas Record | D3: 10 | E3: =IF(COUNTIF(Songs!$C:$C,C3)>0,"","NO") -> NO | G3: Studio | H3: Christmas | I3: 39735 | J3: Not on TWI
B4: 2014 | C4: The Worship Initiative, Vol. 01 | D4: 10 | E4: =IF(COUNTIF(Songs!$C:$C,C4)>0,"","NO") | F4: TWI | G4: Studio | I4: 41765
B5: 2014 | C5: The Worship Initiative, Vol. 02 | D5: 10 | E5: =IF(COUNTIF(Songs!$C:$C,C5)>0,"","NO") | F5: TWI | G5: Studio | I5: 41786
B6: 2014 | C6: The Worship Initiative, Vol. 03 | D6: 10 | E6: =IF(COUNTIF(Songs!$C:$C,C6)>0,"","NO") | F6: TWI | G6: Studio | I6: 41807
B7: 2014 | C7: The Worship Initiative, Vol. 04 | D7: 10 | E7: =IF(COUNTIF(Songs!$C:$C,C7)>0,"","NO") | F7: TWI | G7: Studio | I7: 41828
B8: 2014 | C8: The Worship Initiative, Vol. 05 | D8: 10 | E8: =IF(COUNTIF(Songs!$C:$C,C8)>0,"","NO") | F8: TWI | G8: Studio | I8: 41849
B9: 2014 | C9: The Worship Initiative, Vol. 06 | D9: 10 | E9: =IF(COUNTIF(Songs!$C:$C,C9)>0,"","NO") | F9: TWI | G9: Studio | I9: 41872
B10: 2014 | C10: The Worship Initiative, Vol. 07 | D10: 10 | E10: =IF(COUNTIF(Songs!$C:$C,C10)>0,"","NO") | F10: TWI | G10: Studio | I10: 41891
B11: 2014 | C11: The Worship Initiative, Vol. 08 | D11: 10 | E11: =IF(COUNTIF(Songs!$C:$C,C11)>0,"","NO") | F11: TWI | G11: Studio | I11: 41912
B12: 2014 | C12: The Worship Initiative, Vol. 09 | D12: 10 | E12: =IF(COUNTIF(Songs!$C:$C,C12)>0,"","NO") | F12: TWI | G12: Studio | I12: 41933
B13: 2014 | C13: The Worship Initiative, Vol. 10 | D13: 10 | E13: =IF(COUNTIF(Songs!$C:$C,C13)>0,"","NO") | F13: TWI | G13: Studio | I13: 41961
B14: 2015 | C14: Psalms, Vol. 2 | D14: 12 | E14: =IF(COUNTIF(Songs!$C:$C,C14)>0,"","NO") | G14: Studio | H14: Psalms | I14: 42300
B15: 2015 | C15: The Worship Initiative | D15: 10 | E15: =IF(COUNTIF(Songs!$C:$C,C15)>0,"","NO") | F15: TWI | G15: Studio | I15: 42122 | J15: Kickstarter Project
B16: 2016 | C16: Psalms Live | D16: 13 | E16: =IF(COUNTIF(Songs!$C:$C,C16)>0,"","NO") -> NO | G16: Live | H16: Psalms | I16: 42698 | J16: Not on TWI
B17: 2016 | C17: The Worship Initiative, Vol. 11 | D17: 11 | E17: =IF(COUNTIF(Songs!$C:$C,C17)>0,"","NO") | F17: TWI | G17: Studio | I17: 42643
B18: 2017 | C18: The Worship Initiative Christmas, Vol. 1 | D18: 10 | E18: =IF(COUNTIF(Songs!$C:$C,C18)>0,"","NO") | G18: Studio | H18: Christmas | I18: 42839
B19: 2017 | C19: The Worship Initiative Christmas, Vol. 2 | D19: 10 | E19: =IF(COUNTIF(Songs!$C:$C,C19)>0,"","NO") | G19: Studio | H19: Christmas | I19: 42839
B20: 2017 | C20: The Worship Initiative, Vol. 12 | D20: 13 | E20: =IF(COUNTIF(Songs!$C:$C,C20)>0,"","NO") | F20: TWI | G20: Studio | I20: 42839
B21: 2017 | C21: The Worship Initiative, Vol. 13 | D21: 5 | E21: =IF(COUNTIF(Songs!$C:$C,C21)>0,"","NO") | F21: TWI | G21: Studio | I21: 43000
B22: 2017 | C22: The Worship Initiative, Vol. 14 | D22: 5 | E22: =IF(COUNTIF(Songs!$C:$C,C22)>0,"","NO") | F22: TWI | G22: Studio | I22: 43039
B23: 2018 | C23: Hymns, Vol. 1 | D23: 10 | E23: =IF(COUNTIF(Songs!$C:$C,C23)>0,"","NO") | G23: Studio | H23: Hymns | I23: 43350
B24: 2018 | C24: Hymns, Vol. 2 | D24: 10 | E24: =IF(COUNTIF(Songs!$C:$C,C24)>0,"","NO") | G24: Studio | H24: Hymns | I24: 43700
B25: 2018 | C25: The Worship Initiative, Vol. 15 | D25: 5 | E25: =IF(COUNTIF(Songs!$C:$C,C25)>0,"","NO") | F25: TWI | G25: Studio | I25: 43145
B26: 2018 | C26: The Worship Initiative, Vol. 16 | D26: 10 | E26: =IF(COUNTIF(Songs!$C:$C,C26)>0,"","NO") | F26: TWI | G26: Studio | I26: 43297
B27: 2019 | C27: Hymns (Live) | D27: 13 | E27: =IF(COUNTIF(Songs!$C:$C,C27)>0,"","NO") -> NO | G27: Live | H27: Hymns | I27: 43504 | J27: Lots of duplicates
B28: 2019 | C28: The Worship Initiative Christmas, Vol. 3 | D28: 5 | E28: =IF(COUNTIF(Songs!$C:$C,C28)>0,"","NO") | G28: Studio | H28: Christmas | I28: 43797 | J28: Mainly duplicates of Vol. 1
B29: 2019 | C29: The Worship Initiative, Vol. 17 | D29: 12 | E29: =IF(COUNTIF(Songs!$C:$C,C29)>0,"","NO") | F29: TWI | G29: Studio | I29: 43630
B30: 2020 | C30: The Worship Initiative, Vol. 18 | D30: 10 | E30: =IF(COUNTIF(Songs!$C:$C,C30)>0,"","NO") | F30: TWI | G30: Studio | I30: 43847
B31: 2020 | C31: The Worship Initiative, Vol. 19 | D31: 10 | E31: =IF(COUNTIF(Songs!$C:$C,C31)>0,"","NO") | F31: TWI | G31: Studio | I31: 43889
B32: 2020 | C32: The Worship Initiative, Vol. 20 | D32: 10 | E32: =IF(COUNTIF(Songs!$C:$C,C32)>0,"","NO") | F32: TWI | G32: Studio | I32: 43924
B33: 2020 | C33: The Worship Initiative, Vol. 21 | D33: 10 | E33: =IF(COUNTIF(Songs!$C:$C,C33)>0,"","NO") | F33: TWI | G33: Studio | I33: 44001
B34: 2020 | C34: The Worship Initiative, Vol. 22 | D34: 11 | E34: =IF(COUNTIF(Songs!$C:$C,C34)>0,"","NO") | F34: TWI | G34: Studio | I34: 44099
B35: 2021 | C35: The Worship Initiative, Vol. 23 | D35: 10 | E35: =IF(COUNTIF(Songs!$C:$C,C35)>0,"","NO") | F35: TWI | G35: Studio | I35: 44204 | J35: Prerelease
B36: 2100 | C36: WI Lite | D36: 10 | E36: =IF(COUNTIF(Songs!$C:$C,C36)>0,"","NO") | G36: Unreleased | H36: Unreleased | J36: Played live but not included on any album
B37: 2100 | C37: WI Singles | D37: 1 | E37: =IF(COUNTIF(Songs!$C:$C,C37)>0,"","NO") | G37: Unreleased | H37: Unreleased

Sheet Songs
A1: Number | B1: Year | C1: Album | D1: Track | E1: Title | F1: Alt Title | G1: Author | H1: Key | I1: Tempo | J1: CCLI# | K1: Notes | L1: Status | M1: CCWS? | N1: Author | O1: Key | P1: Original Key | Q1: Tempo (BPM) | R1: Time Signature | S1: CCLI Song # | T1: Publication Year | U1: Copyright Holder | V1: CCLI# Accurate
B2: 2014 | C2: The Worship Initiative, Vol. 01 | D2: 1 | E2: Oceans | G2: Hillsong | H2: G | I2: 130 | J2: 6428767 | L2: Done | M2: Yes | N2: Joel Houston, Matt Crocker | O2: D | P2: D | Q2: 60 | R2: 4/4 | S2: 6428767 | T2: 2012 | U2: Hillsong Music Publishing Australia | V2: =IF(J2=S2,"Yes","") -> Yes
B3: 2014 | C3: The Worship Initiative, Vol. 01 | D3: 2 | E3: This Is Amazing Grace | G3: Phil Wickham | H3: Bb | I3: 99 | J3: 6333821 | L3: Done | M3: Yes | N3: Jeremy Riddle, Josh Farro | O3: G | P3: Bb | Q3: 100 | R3: 4/4 | S3: 6333821 | T3: 2012 | U3: Phil Wickham Music | V3: =IF(J3=S3,"Yes","") -> Yes
B4: 2014 | C4: The Worship Initiative, Vol. 01 | D4: 3 | E4: All the Poor and Powerless | G4: All Sons & Daughters | H4: B | I4: 72 | J4: 5881130 | L4: Done | M4: Yes | N4: David Leonard, Leslie Jordan | O4: A | P4: A | Q4: 76 | R4: 4/4 | S4: 5881130 | T4: 2011 | U4: Integrity's Alleluia! Music | V4: =IF(J4=S4,"Yes","") -> Yes
B5: 2014 | C5: The Worship Initiative, Vol. 01 | D5: 4 | E5: Lord I Need You | G5: Matt Maher | H5: B | I5: 72 | J5: 5925687 | L5: Done | M5: Yes | N5: Christy Nockels, Daniel Carson | O5: B | P5: B | Q5: 74 | R5: 4/4 | S5: 5925687 | T5: 2011 | U5: sixsteps Music | V5: =IF(J5=S5,"Yes","") -> Yes
B6: 2014 | C6: The Worship Initiative, Vol. 01 | D6: 5 | E6: In Christ Alone | F6: Passion | G6: Passion | H6: E | I6: 64 | J6: 3350395 | L6: Done | M6: Yes | N6: Keith Getty, Stuart Townend | O6: D | P6: D | Q6: 60 | R6: 3/4 | S6: 3350395 | T6: 2001 | U6: Thankyou Music | V6: =IF(J6=S6,"Yes","") -> Yes
B7: 2014 | C7: The Worship Initiative, Vol. 01 | D7: 6 | E7: Beautiful Things | G7: Gungor | H7: D | I7: 78 | J7: 5665521 | L7: Done
B8: 2014 | C8: The Worship Initiative, Vol. 01 | D8: 7 | E8: Come Thou Fount | F8: Vol. 1 | G8: The Worship Initiative | H8: D | I8: 68 | J8: 7029505 | L8: Done
B9: 2014 | C9: The Worship Initiative, Vol. 01 | D9: 8 | E9: 10,000 Reasons | G9: Matt Redman | H9: G | I9: 70 | J9: 6016351 | L9: Done | M9: Yes | N9: Jonas Myrin, Matt Redman | O9: G | P9: G | Q9: 73 | R9: 4/4 | S9: 6016351 | T9: 2011 | U9: Atlas Mountain Songs | V9: =IF(J9=S9,"Yes","") -> Yes
B10: 2014 | C10: The Worship Initiative, Vol. 01 | D10: 9 | E10: Whom Shall I Fear | F10: God of Angel Armies | G10: Chris Tomlin | H10: C | I10: 74 | J10: 6440288 | L10: Done | M10: Yes | N10: Chris Tomlin, Ed Cash | O10: C | P10: C | Q10: 75 | R10: 4/4 | S10: 6440288 | T10: 2012 | U10: Alletrop Music | V10: =IF(J10=S10,"Yes","") -> Yes
B11: 2014 | C11: The Worship Initiative, Vol. 01 | D11: 10 | E11: Happy Day | G11: Tim Hughes | H11: C | I11: 132 | J11: 4847027 | L11: Done
B12: 2014 | C12: The Worship Initiative, Vol. 02 | D12: 1 | E12: Heart Starts Beating | G12: Tim Neufeld | H12: A | I12: 112 | J12: 6578772 | L12: N/A
B13: 2014 | C13: The Worship Initiative, Vol. 02 | D13: 2 | E13: Hosanna | F13: Praise is Rising | G13: Paul Baloche | H13: A | I13: 106 | J13: 4662491 | L13: Done | M13: Yes | N13: Brenton Brown, Paul Baloche | O13: G | P13: G | Q13: 114 | R13: 4/4 | S13: 4662491 | T13: 2006 | U13: Thankyou Music | V13: =IF(J13=S13,"Yes","") -> Yes
B14: 2014 | C14: The Worship Initiative, Vol. 02 | D14: 3 | E14: Forever Reign | G14: Hillsong | H14: C | I14: 83 | J14: 5639997 | L14: Done
B15: 2014 | C15: The Worship Initiative, Vol. 02 | D15: 4 | E15: Mercy | G15: Matt Redman | H15: C | I15: 73 | J15: 7000689 | L15: Done | M15: Yes | N15: Matt Redman, Jonas Myrin | O15: C | P15: C | Q15: 73 | R15: 4/4 | S15: 7000689 | T15: 2013 | U15: Atlas Mountain Songs | V15: =IF(J15=S15,"Yes","") -> Yes
B16: 2014 | C16: The Worship Initiative, Vol. 02 | D16: 5 | E16: How Great Is Our God | G16: Chris Tomlin | H16: C | I16: 84 | J16: 4348399 | L16: Done | M16: Yes | N16: Chris Tomlin, Ed Cash | O16: C | P16: C | Q16: 76 | R16: 4/4 | S16: 4348399 | T16: 2004 | U16: sixsteps Music | V16: =IF(J16=S16,"Yes","") -> Yes
B17: 2014 | C17: The Worship Initiative, Vol. 02 | D17: 6 | E17: You Are My All In All | G17: Dennis Jernigan | H17: G | I17: 128 | J17: 825356 | L17: Done | M17: Yes | N17: Dennis Jernigan | O17: F | P17: F | Q17: 80 | R17: 4/4 | S17: 825356 | T17: 1991 | U17: Shepherd's Heart Music, Inc. | V17: =IF(J17=S17,"Yes","") -> Yes
B18: 2014 | C18: The Worship Initiative, Vol. 02 | D18: 7 | E18: We Exalt Thee | G18: Pete Sanchez Jr. | H18: G | I18: 68 | J18: 17803 | L18: N/A
B19: 2014 | C19: The Worship Initiative, Vol. 02 | D19: 8 | E19: Our God | G19: Chris Tomlin | H19: B | I19: 106 | J19: 5677416 | L19: Done | M19: Yes | N19: Chris Tomlin, Jesse Reeves | O19: B | P19: B | Q19: 105 | R19: 4/4 | S19: 5677416 | T19: 2010 | U19: Atlas Mountain Songs | V19: =IF(J19=S19,"Yes","") -> Yes
B20: 2014 | C20: The Worship Initiative, Vol. 02 | D20: 9 | E20: Open the Eyes of My Heart | G20: Paul Baloche | H20: B | I20: 110 | J20: 2298355 | L20: Done | M20: Yes | N20: Paul Baloche | O20: E | P20: E | Q20: 112 | R20: 4/4 | S20: 2298355 | T20: 1997 | U20: Integrity's Hosanna! Music | V20: =IF(J20=S20,"Yes","") -> Yes
B21: 2014 | C21: The Worship Initiative, Vol. 02 | D21: 10 | E21: Better Is One Day | G21: Matt Redman | H21: E | I21: 79 | J21: 1097451 | L21: Done | M21: Yes | N21: Matt Redman | O21: E | P21: E | Q21: 77 | R21: 4/4 | S21: 1097451 | T21: 1995 | U21: Thankyou Music | V21: =IF(J21=S21,"Yes","") -> Yes
B22: 2014 | C22: The Worship Initiative, Vol. 03 | D22: 1 | E22: So I Can Love | G22: The Worship Initiative | H22: Ab | I22: 124 | J22: 7031125 | L22: N/A
B23: 2014 | C23: The Worship Initiative, Vol. 03 | D23: 2 | E23: I Will Follow | G23: Chris Tomlin | H23: G | I23: 96 | J23: 5806878 | L23: Done | M23: Yes | N23: Chris Tomlin, Jason Ingram | O23: A | P23: Bb | Q23: 96 | R23: 4/4 | S23: 5806878 | T23: 2010 | U23: SHOUT! Music Publishing Australia | V23: =IF(J23=S23,"Yes","") -> Yes
B24: 2014 | C24: The Worship Initiative, Vol. 03 | D24: 3 | E24: Liberty | G24: Shane & Shane | H24: G | I24: 111 | J24: 6186872 | L24: N/A
B25: 2014 | C25: The Worship Initiative, Vol. 03 | D25: 4 | E25: Oh Lord, You're Beautiful | G25: Keith Green | H25: G | I25: 56 | J25: 14514 | L25: Done
B26: 2014 | C26: The Worship Initiative, Vol. 03 | D26: 5 | E26: How He Loves | G26: John Mark McMillan | H26: C | I26: 72.5 | J26: 5032549 | L26: Done
B27: 2014 | C27: The Worship Initiative, Vol. 03 | D27: 6 | E27: Never Once | G27: Matt Redman | H27: C | I27: 70 | J27: 5997055 | L27: Done
B28: 2014 | C28: The Worship Initiative, Vol. 03 | D28: 7 | E28: Shout to the Lord | G28: Hillsong | H28: B | I28: 80 | J28: 1406918 | L28: Done | M28: Yes | N28: Darlene Zschech | O28: A | P28: A | Q28: 76 | R28: 4/4 | S28: 1406918 | T28: 1993 | U28: Wondrous Worship | V28: =IF(J28=S28,"Yes","") -> Yes
B29: 2014 | C29: The Worship Initiative, Vol. 03 | D29: 8 | E29: Before The Throne of God Above | G29: Shane & Shane | H29: Eb | I29: 68 | J29: 2306412 | L29: Done | M29: Yes | N29: Charitie L. Bancroft, Vikki Cook | O29: D | P29: D | Q29: 76 | R29: 3/4 | S29: 2306412 | T29: 1997 | U29: Sovereign Grace Worship | V29: =IF(J29=S29,"Yes","") -> Yes
B30: 2014 | C30: The Worship Initiative, Vol. 03 | D30: 9 | E30: Beautiful One | G30: Tim Hughes | H30: Eb | I30: 120 | J30: 3915912 | L30: Done | M30: Yes | N30: Tim Hughes | O30: D | P30: D | Q30: 122 | R30: 4/4 | S30: 3915912 | T30: 2002 | U30: Thankyou Music | V30: =IF(J30=S30,"Yes","") -> Yes
B31: 2014 | C31: The Worship Initiative, Vol. 03 | D31: 10 | E31: Blessed Be Your Name | G31: Matt Redman | H31: B | I31: 114 | J31: 3798438 | L31: Done | M31: Yes | N31: Beth Redman, Matt Redman | O31: B | P31: B | Q31: 116 | R31: 4/4 | S31: 3798438 | T31: 2002 | U31: Thankyou Music | V31: =IF(J31=S31,"Yes","") -> Yes
B32: 2014 | C32: The Worship Initiative, Vol. 04 | D32: 1 | E32: I Stand Amazed | F32: How Marvelous | G32: Chris Tomlin | H32: A | I32: 104 | J32: 7029507 | L32: Done
B33: 2014 | C33: The Worship Initiative, Vol. 04 | D33: 2 | E33: Our God Is Love | G33: Hillsong | H33: F# | I33: 118 | J33: 5636866 | L33: Done
B34: 2014 | C34: The Worship Initiative, Vol. 04 | D34: 3 | E34: Holy Is The Lord | G34: Chris Tomlin | H34: G | I34: 77 | J34: 4158039 | L34: Done
B35: 2014 | C35: The Worship Initiative, Vol. 04 | D35: 4 | E35: Here For You | G35: Matt Redman | H35: C | I35: 86 | J35: 5925649 | L35: Done
B36: 2014 | C36: The Worship Initiative, Vol. 04 | D36: 5 | E36: Always | G36: Passion | H36: C | I36: 72 | J36: 5881037 | L36: Done
B37: 2014 | C37: The Worship Initiative, Vol. 04 | D37: 6 | E37: Here I Am To Worship | G37: Tim Hughes | H37: C | I37: 69 | J37: 3266032 | L37: Done | M37: Yes | N37: Tim Hughes | O37: E | P37: E | Q37: 75 | R37: 4/4 | S37: 3266032 | T37: 2000 | U37: Thankyou Music | V37: =IF(J37=S37,"Yes","") -> Yes
B38: 2014 | C38: The Worship Initiative, Vol. 04 | D38: 7 | E38: Worthy of Affection | G38: Shane & Shane | H38: C | I38: 58 | J38: 5627772 | L38: NoNumber
B39: 2014 | C39: The Worship Initiative, Vol. 04 | D39: 8 | E39: Healer | G39: Hillsong | H39: A | I39: 77 | J39: 4873981 | L39: Done | M39: Yes | N39: Mike Guglielmucci | O39: B | P39: B | Q39: 80 | R39: 4/4 | S39: 4873981 | T39: 2007 | U39: Planetshakers Ministries Int. Inc. | V39: =IF(J39=S39,"Yes","") -> Yes
B40: 2014 | C40: The Worship Initiative, Vol. 04 | D40: 9 | E40: It Is Well | F40: Hymn | G40: The Worship Initiative | H40: Db | I40: 68 | J40: 7029513 | L40: Done
B41: 2014 | C41: The Worship Initiative, Vol. 04 | D41: 10 | E41: O Praise Him | F41: All This For a King | G41: Crowder | H41: Bb | I41: 115 | J41: 4158022 | L41: Done
B42: 2014 | C42: The Worship Initiative, Vol. 05 | D42: 1 | E42: Cornerstone | G42: Hillsong | H42: C | I42: 68 | J42: 6158927 | L42: Done | M42: Yes | N42: Edward Mote, Eric Liljero | O42: C | P42: C | Q42: 71 | R42: 4/4 | S42: 6158927 | T42: 2011 | U42: Hillsong Music Publishing Australia | V42: =IF(J42=S42,"Yes","") -> Yes
B43: 2014 | C43: The Worship Initiative, Vol. 05 | D43: 2 | E43: Reign In Us | G43: Starfield | H43: C | I43: 71 | J43: 5207587 | L43: Done
B44: 2014 | C44: The Worship Initiative, Vol. 05 | D44: 3 | E44: Cannons | G44: Phil Wickham | H44: G | I44: 79 | J44: 5124055 | L44: Done
B45: 2014 | C45: The Worship Initiative, Vol. 05 | D45: 4 | E45: Though You Slay Me | G45: Shane & Shane | H45: G | I45: 58 | J45: 6590798 | L45: Done
B46: 2014 | C46: The Worship Initiative, Vol. 05 | D46: 5 | E46: Let My Words Be Few | G46: Matt Redman | H46: A | I46: 71 | J46: 3040980 | L46: Done
B47: 2014 | C47: The Worship Initiative, Vol. 05 | D47: 6 | E47: I Am Set Free | G47: All Sons & Daughters | H47: A | I47: 78 | J47: 5880784 | L47: Done
B48: 2014 | C48: The Worship Initiative, Vol. 05 | D48: 7 | E48: Give Us Clean Hands | G48: Chris Tomlin | H48: A | I48: 73 | J48: 2060208 | L48: Done
B49: 2014 | C49: The Worship Initiative, Vol. 05 | D49: 8 | E49: Jesus Paid It All | G49: Passion | H49: D | I49: 70 | J49: 4689508 | L49: Done | M49: Yes | N49: Elvina M. Hall | O49: C | P49: Db | Q49: 76 | R49: 3/4 | S49: 22331 | T49: 1865 | U49: Public Domain | V49: =IF(J49=S49,"Yes","")
B50: 2014 | C50: The Worship Initiative, Vol. 05 | D50: 9 | E50: Your Great Name | G50: Natalie Grant | H50: F# | I50: 75 | J50: 5393329 | L50: Done | M50: Yes | N50: Krissy Nordhoff, Michael Neale | O50: C | P50: C | Q50: 75 | R50: 4/4 | S50: 5393329 | T50: 2008 | U50: Integrity's Praise! Music | V50: =IF(J50=S50,"Yes","") -> Yes
B51: 2014 | C51: The Worship Initiative, Vol. 05 | D51: 10 | E51: The Wonderful Cross | G51: Chris Tomlin | H51: E | I51: 88 | J51: 3148435 | L51: Done | M51: Yes | N51: Chris Tomlin, Isaac Watts | O51: D | P51: D | Q51: 88 | R51: 4/4 | S51: 3148435 | T51: 2000 | U51: sixsteps Music | V51: =IF(J51=S51,"Yes","") -> Yes
B52: 2014 | C52: The Worship Initiative, Vol. 06 | D52: 1 | E52: Because He Lives | G52: William Gaither | H52: A | I52: 118 | J52: 16880 | L52: Done | M52: Yes | N52: Gloria Gaither, William J. Gaither | O52: G | P52: Ab | Q52: 96 | R52: 4/4 | S52: 16880 | T52: 1971 | U52: Hanna Street Music | V52: =IF(J52=S52,"Yes","") -> Yes
B53: 2014 | C53: The Worship Initiative, Vol. 06 | D53: 2 | E53: Now and Always | G53: Shane & Shane | H53: A | I53: 70 | J53: 7029241 | L53: N/A
B54: 2014 | C54: The Worship Initiative, Vol. 06 | D54: 3 | E54: Revelation Song | G54: Kari Jobe | H54: E | I54: 64 | J54: 4447960 | L54: Done | M54: Yes | N54: Jennie L. Riddle | O54: D | P54: D | Q54: 60 | R54: 4/4 | S54: 4447960 | T54: 2004 | U54: Gateway Create Publishing | V54: =IF(J54=S54,"Yes","") -> Yes
B55: 2014 | C55: The Worship Initiative, Vol. 06 | D55: 4 | E55: Great Is Thy Faithfulness | G55: The Worship Initiative | H55: E | I55: 85 | J55: 18723 | L55: Done | M55: Yes | N55: Thomas Chisholm, William Runyan | O55: D | P55: D | Q55: 75 | R55: 3/4 | S55: 18723 | T55: 1923 | U55: Public Domain | V55: =IF(J55=S55,"Yes","") -> Yes
B56: 2014 | C56: The Worship Initiative, Vol. 06 | D56: 5 | E56: The Cross Stands | G56: Tim Hughes | H56: Bb | I56: 74 | J56: 6521035 | L56: NoNumber
B57: 2014 | C57: The Worship Initiative, Vol. 06 | D57: 6 | E57: Marvelous Light | G57: Charlie Hall | H57: Bb | I57: 113 | J57: 4491002 | L57: Done
B58: 2014 | C58: The Worship Initiative, Vol. 06 | D58: 7 | E58: Forever | F58: Sing Praise | G58: Chris Tomlin | H58: Bb | I58: 123 | J58: 3148428 | L58: Done | M58: Yes | N58: Chris Tomlin | O58: A | P58: A | Q58: 120 | R58: 4/4 | S58: 3148428 | T58: 2001 | U58: sixsteps Music | V58: =IF(J58=S58,"Yes","") -> Yes
B59: 2014 | C59: The Worship Initiative, Vol. 06 | D59: 8 | E59: One Thing Remains | G59: Brian Johnson | H59: Db | I59: 71 | J59: 5508444 | L59: Done | M59: Yes | N59: Brian Johnson, Christa B. Gifford | O59: G | P59: Bb | Q59: 78 | R59: 4/4 | S59: 5508444 | T59: 2010 | U59: ChristaJoy Music Publishing | V59: =IF(J59=S59,"Yes","") -> Yes
B60: 2014 | C60: The Worship Initiative, Vol. 06 | D60: 9 | E60: Lead Me to the Cross | G60: Hillsong | H60: G | I60: 72 | J60: 4785828 | L60: Done | M60: Yes | N60: Brooke Ligertwood | O60: D | P60: D | Q60: 75 | R60: 4/4 | S60: 4785828 | T60: 2006 | U60: Hillsong Music Publishing Australia | V60: =IF(J60=S60,"Yes","") -> Yes
B61: 2014 | C61: The Worship Initiative, Vol. 06 | D61: 10 | E61: Your Grace is Enough | G61: Matt Maher | H61: G | I61: 114 | J61: 4477026 | L61: Done | M61: Yes | N61: Matt Maher | O61: G | P61: G | Q61: 116 | R61: 4/4 | S61: 4477026 | T61: 2003 | U61: Thankyou Music | V61: =IF(J61=S61,"Yes","") -> Yes
B62: 2014 | C62: The Worship Initiative, Vol. 07 | D62: 1 | E62: You're Beautiful | G62: Phil Wickham | H62: Eb | I62: 80 | J62: 5124024 | L62: Done
B63: 2014 | C63: The Worship Initiative, Vol. 07 | D63: 2 | E63: Hosanna | G63: Hillsong | H63: E | I63: 73.5 | J63: 4785835 | L63: Done | M63: Yes | N63: Brooke Ligertwood | O63: E | P63: E | Q63: 75 | R63: 4/4 | S63: 4785835 | T63: 2006 | U63: Hillsong Music Publishing Australia | V63: =IF(J63=S63,"Yes","") -> Yes
B64: 2014 | C64: The Worship Initiative, Vol. 07 | D64: 3 | E64: Mighty to Save | G64: Hillsong | H64: C | I64: 75 | J64: 4591782 | L64: Done | M64: Yes | N64: Ben Fielding, Reuben Morgan | O64: A | P64: A | Q64: 74 | R64: 4/4 | S64: 4591782 | T64: 2006 | U64: Hillsong Music Publishing Australia | V64: =IF(J64=S64,"Yes","") -> Yes
B65: 2014 | C65: The Worship Initiative, Vol. 07 | D65: 4 | E65: Glorify Thy Name | G65: The Maranatha! Singers | H65: C | I65: 68 | J65: 1383
B66: 2014 | C66: The Worship Initiative, Vol. 07 | D66: 5 | E66: Desert Song | G66: Hillsong | H66: G | I66: 109 | J66: 5060793
B67: 2014 | C67: The Worship Initiative, Vol. 07 | D67: 6 | E67: Holy and Anointed One | G67: Brian Doerksen | H67: G | I67: 65 | J67: 164361
B68: 2014 | C68: The Worship Initiative, Vol. 07 | D68: 7 | E68: Where Would I Be | G68: Patrick Ryan Clark | H68: A | I68: 65 | J68: 5710744
B69: 2014 | C69: The Worship Initiative, Vol. 07 | D69: 8 | E69: Everything is Different | G69: Shane & Shane | H69: Ab | I69: 124 | J69: 5627758
B70: 2014 | C70: The Worship Initiative, Vol. 07 | D70: 9 | E70: Everlasting God | G70: Brenton Brown | H70: B | I70: 113 | J70: 4556538
B71: 2014 | C71: The Worship Initiative, Vol. 07 | D71: 10 | E71: I Will Exalt You | G71: Hillsong | H71: B | I71: 68 | J71: 5409079
B72: 2014 | C72: The Worship Initiative, Vol. 08 | D72: 1 | E72: The Stand | G72: Hillsong | H72: B | I72: 74 | J72: 4705248 | M72: Yes | N72: Joel Houston | O72: A | P72: A | Q72: 77 | R72: 4/4 | S72: 4705248 | T72: 2005 | U72: Hillsong Music Publishing Australia | V72: =IF(J72=S72,"Yes","") -> Yes
B73: 2014 | C73: The Worship Initiative, Vol. 08 | D73: 2 | E73: Indescribable | G73: Chris Tomlin | H73: B | I73: 90 | J73: 4403076
B74: 2014 | C74: The Worship Initiative, Vol. 08 | D74: 3 | E74: I Give You My Heart | G74: Hillsong | H74: B | I74: 70 | J74: 1866132
B75: 2014 | C75: The Worship Initiative, Vol. 08 | D75: 4 | E75: Nothing But The Blood | G75: Matt Redman | H75: C | I75: 77 | J75: 4329411
B76: 2014 | C76: The Worship Initiative, Vol. 08 | D76: 5 | E76: No Sweeter Name | G76: Kari Jobe | H76: C | I76: 81 | J76: 4447984
B77: 2014 | C77: The Worship Initiative, Vol. 08 | D77: 6 | E77: You Never Let Go | G77: Matt Redman | H77: C | I77: 80 | J77: 4674166
B78: 2014 | C78: The Worship Initiative, Vol. 08 | D78: 7 | E78: Enough | G78: Chris Tomlin | H78: G | I78: 75 | J78: 3599479
B79: 2014 | C79: The Worship Initiative, Vol. 08 | D79: 8 | E79: Amazing Grace | F79: My Chains Are Gone | G79: Chris Tomlin | H79: G | I79: 63 | J79: 4768151 | M79: Yes | N79: Chris Tomlin, John Newton | O79: F | P79: F | Q79: 60 | R79: 4/4 | S79: 4768151 | T79: 2006 | U79: sixsteps Music | V79: =IF(J79=S79,"Yes","") -> Yes
B80: 2014 | C80: The Worship Initiative, Vol. 08 | D80: 9 | E80: Alive Again | G80: Matt Maher | H80: A | I80: 120 | J80: 5553530
B81: 2014 | C81: The Worship Initiative, Vol. 08 | D81: 10 | E81: Yearn | G81: Shane & Shane | H81: F# | I81: 58 | J81: 4325556
B82: 2014 | C82: The Worship Initiative, Vol. 09 | D82: 1 | E82: Your Love Is Strong | G82: Jon Foreman | H82: B | I82: 110 | J82: 5295221
B83: 2014 | C83: The Worship Initiative, Vol. 09 | D83: 2 | E83: I'm Yours | F83: Nothing But The Blood | G83: Shane & Shane | H83: B | I83: 58 | J83: 7029516
B84: 2014 | C84: The Worship Initiative, Vol. 09 | D84: 3 | E84: Heart of Worship | G84: Matt Redman | H84: G | I84: 67 | J84: 2296522 | M84: Yes | N84: Matt Redman | O84: D | P84: D | Q84: 70 | R84: 4/4 | S84: 2296522 | T84: 1999 | U84: Thankyou Music | V84: =IF(J84=S84,"Yes","") -> Yes
B85: 2014 | C85: The Worship Initiative, Vol. 09 | D85: 4 | E85: From The Inside Out | G85: Hillsong | H85: C | I85: 71 | J85: 4705176 | M85: Yes | N85: Joel Houston | O85: C | P85: C | Q85: 76 | R85: 4/4 | S85: 4705176 | T85: 2005 | U85: Hillsong Music Publishing Australia | V85: =IF(J85=S85,"Yes","") -> Yes
B86: 2014 | C86: The Worship Initiative, Vol. 09 | D86: 5 | E86: Stronger | G86: Hillsong | H86: C | I86: 68 | J86: 5060810 | M86: Yes | N86: Ben Fielding, Reuben Morgan | O86: C | P86: C | Q86: 75 | R86: 3/4 | S86: 5060810 | T86: 2007 | U86: Hillsong Music Publishing Australia | V86: =IF(J86=S86,"Yes","") -> Yes
B87: 2014 | C87: The Worship Initiative, Vol. 09 | D87: 6 | E87: That's How You Forgive | G87: Shane & Shane | H87: C | I87: 78 | J87: 6590839
B88: 2014 | C88: The Worship Initiative, Vol. 09 | D88: 7 | E88: Christ Is Risen | G88: Matt Maher | H88: E | I88: 83 | J88: 5242683
B89: 2014 | C89: The Worship Initiative, Vol. 09 | D89: 8 | E89: He is Exalted | G89: Twila Paris | H89: G | I89: 71 | J89: 17827
B90: 2014 | C90: The Worship Initiative, Vol. 09 | D90: 9 | E90: When the Stars Burn Down | G90: Phillips Craig & Dean | H90: A | I90: 73 | J90: 5720105
B91: 2014 | C91: The Worship Initiative, Vol. 09 | D91: 10 | E91: Your Name | G91: Paul Baloche | H91: Bb | I91: 74 | J91: 4611679
B92: 2014 | C92: The Worship Initiative, Vol. 10 | D92: 1 | E92: God is Able | G92: Hillsong | H92: A | I92: 77 | J92: 5894275
B93: 2014 | C93: The Worship Initiative, Vol. 10 | D93: 2 | E93: Your Love Never Fails | G93: Chris McClarney | H93: Bb | I93: 118 | J93: 5337172 | M93: Yes | N93: Anthony Skinner, Chris McClarney | O93: A | P93: Bb | Q93: 116 | R93: 4/4 | S93: 5337172 | T93: 2008 | U93: Thankyou Music | V93: =IF(J93=S93,"Yes","") -> Yes
B94: 2014 | C94: The Worship Initiative, Vol. 10 | D94: 3 | E94: Your Grace Finds Me | G94: Matt Redman | H94: Bb | I94: 78 | J94: 7000686
B95: 2014 | C95: The Worship Initiative, Vol. 10 | D95: 4 | E95: I Found It All | G95: Shane & Shane | H95: Bb | I95: 66 | J95: 7029242
B96: 2014 | C96: The Worship Initiative, Vol. 10 | D96: 5 | E96: Majesty | G96: Delirious | H96: C | I96: 70 | J96: 4219071 | M96: Yes | N96: Martin Smith, Stuart Garrard | O96: A | P96: Bb | Q96: 68 | R96: 4/4 | S96: 4219071 | T96: 2004 | U96: Curious? Music UK | V96: =IF(J96=S96,"Yes","") -> Yes
B97: 2014 | C97: The Worship Initiative, Vol. 10 | D97: 6 | E97: Jesus Messiah | G97: Chris Tomlin | H97: B | I97: 86 | J97: 5183443 | M97: Yes | N97: Chris Tomlin, Daniel Carson | O97: B | P97: B | Q97: 86 | R97: 4/4 | S97: 5183443 | T97: 2008 | U97: sixsteps Music | V97: =IF(J97=S97,"Yes","") -> Yes
B98: 2014 | C98: The Worship Initiative, Vol. 10 | D98: 7 | E98: I Will Rise | G98: Chris Tomlin | H98: B | I98: 77 | J98: 5183450 | M98: Yes | N98: Chris Tomlin, Jesse Reeves | O98: B | P98: B | Q98: 82 | R98: 4/4 | S98: 5183450 | T98: 2008 | U98: sixsteps Music | V98: =IF(J98=S98,"Yes","") -> Yes
B99: 2014 | C99: The Worship Initiative, Vol. 10 | D99: 8 | E99: God of Wonders | G99: Third Day | H99: G | I99: 84 | J99: 3118757 | M99: Yes | N99: Marc Byrd, Steve Hindalong | O99: G | P99: Ab,Bb | Q99: 82 | R99: 4/4 | S99: 3118757 | T99: 2000 | U99: Never Say Never Songs | V99: =IF(J99=S99,"Yes","") -> Yes
B100: 2014 | C100: The Worship Initiative, Vol. 10 | D100: 9 | E100: You Are My King | F100: Amazing Love | G100: Hillsong | H100: D | I100: 70 | J100: 2456623 | M100: Yes | N100: Billy J. Foote | O100: E | P100: E | Q100: 70 | R100: 4/4 | S100: 2456623 | T100: 1996 | U100: worshiptogether.com songs | V100: =IF(J100=S100,"Yes","") -> Yes
...
