Workbook

Sheet Albums
A1: # | B1: Year | C1: Title | D1: Tracks | E1: In List? | F1: Band | G1: Type | H1: Category | I1: Exclude | J1: Release Date | K1: AlbumArt | L1: Notes
B2: 1997 | C2: Our Soul's Desire | D2: 14 | E2: =IF(COUNTIF(Songs!$C:$C,C2)>0,"","NO") | G2: Live | K2: NO
B3: 1998 | C3: Live Worship from the 268 Generation | D3: 13 | E3: =IF(COUNTIF(Songs!$C:$C,C3)>0,"","NO") | G3: Live
B4: 1999 | C4: Better Is One Day | D4: 12 | E4: =IF(COUNTIF(Songs!$C:$C,C4)>0,"","NO") | G4: Live
B5: 2000 | C5: One Day Live | D5: 12 | E5: =IF(COUNTIF(Songs!$C:$C,C5)>0,"","NO") | G5: Live
B6: 2000 | C6: The Road to One Day | D6: 12 | E6: =IF(COUNTIF(Songs!$C:$C,C6)>0,"","NO") | G6: Studio
B7: 2002 | C7: Our Love is Loud | D7: 13 | E7: =IF(COUNTIF(Songs!$C:$C,C7)>0,"","NO") | G7: Live
B8: 2003 | C8: Sacred Revolution: Songs From OneDay 03 | D8: 13 | E8: =IF(COUNTIF(Songs!$C:$C,C8)>0,"","NO") | G8: Live
B9: 2004 | C9: Hymns Ancient and Modern | D9: 14 | E9: =IF(COUNTIF(Songs!$C:$C,C9)>0,"","NO") | G9: Live
B10: 2005 | C10: How Great Is Our God | D10: 13 | E10: =IF(COUNTIF(Songs!$C:$C,C10)>0,"","NO") | G10: Live
B11: 2005 | C11: Passion 05 | D11: 2 | E11: =IF(COUNTIF(Songs!$C:$C,C11)>0,"","NO") | G11: Compilation
B12: 2006 | C12: Everything Glorious | D12: 13 | E12: =IF(COUNTIF(Songs!$C:$C,C12)>0,"","NO") | G12: Live
B13: 2006 | C13: Passion: The Early Session | D13: 4 | E13: =IF(COUNTIF(Songs!$C:$C,C13)>0,"","NO") | G13: Compilation
B14: 2006 | C14: The Best of Passion (So Far) | D14: 30 | E14: =IF(COUNTIF(Songs!$C:$C,C14)>0,"","NO") -> NO | G14: Compilation | I14: Exclude
B15: 2007 | C15: Live From Passion07 | D15: 6 | E15: =IF(COUNTIF(Songs!$C:$C,C15)>0,"","NO") | G15: Compilation
B16: 2008 | C16: A Generation United for His Renown | D16: 14 | E16: =IF(COUNTIF(Songs!$C:$C,C16)>0,"","NO") | G16: Compilation
B17: 2008 | C17: God of This City | D17: 14 | E17: =IF(COUNTIF(Songs!$C:$C,C17)>0,"","NO") | G17: Live
B18: 2010 | C18: Passion: Awakening | D18: 12 | E18: =IF(COUNTIF(Songs!$C:$C,C18)>0,"","NO") | G18: Live
B19: 2011 | C19: Passion: Here for You | D19: 15 | E19: =IF(COUNTIF(Songs!$C:$C,C19)>0,"","NO") | G19: Live
B20: 2012 | C20: Passion: White Flag | D20: 17 | E20: =IF(COUNTIF(Songs!$C:$C,C20)>0,"","NO") | G20: Live
B21: 2013 | C21: Passion: Let the Future Begin | D21: 15 | E21: =IF(COUNTIF(Songs!$C:$C,C21)>0,"","NO") | G21: Live
B22: 2014 | C22: Passion: Take It All | D22: 14 | E22: =IF(COUNTIF(Songs!$C:$C,C22)>0,"","NO") | G22: Live
B23: 2014 | C23: Passion: The Essential Collection | D23: 15 | E23: =IF(COUNTIF(Songs!$C:$C,C23)>0,"","NO") -> NO | G23: Compilation | I23: Exclude
B24: 2015 | C24: Passion: Even So Come | D24: 16 | E24: =IF(COUNTIF(Songs!$C:$C,C24)>0,"","NO") | G24: Live
B25: 2016 | C25: Passion: Salvation's Tide Is Rising | D25: 10 | E25: =IF(COUNTIF(Songs!$C:$C,C25)>0,"","NO") | G25: Studio
B26: 2017 | C26: Glorioso Día | E26: =IF(COUNTIF(Songs!$C:$C,C26)>0,"","NO") -> NO | G26: Studio | I26: Exclude
B27: 2017 | C27: Worthy of Your Name | D27: 13 | E27: =IF(COUNTIF(Songs!$C:$C,C27)>0,"","NO") | G27: Live
B28: 2018 | C28: Whole Heart | D28: 11 | E28: =IF(COUNTIF(Songs!$C:$C,C28)>0,"","NO") | G28: Live
B29: 2019 | C29: Behold The Lamb | D29: 2 | E29: =IF(COUNTIF(Songs!$C:$C,C29)>0,"","NO") | G29: Live
B30: 2019 | C30: Follow You Anywhere | D30: 10 | E30: =IF(COUNTIF(Songs!$C:$C,C30)>0,"","NO") | G30: Live
B31: 2020 | C31: Hope Has A Name | D31: 7 | E31: =IF(COUNTIF(Songs!$C:$C,C31)>0,"","NO") | G31: Studio
B32: 2020 | C32: Passion Collection | D32: 58 | E32: =IF(COUNTIF(Songs!$C:$C,C32)>0,"","NO") -> NO | G32: Compilation | I32: Exclude
B33: 2020 | C33: Roar (Live from Passion 2020) | D33: 12 | E33: =IF(COUNTIF(Songs!$C:$C,C33)>0,"","NO") | G33: Live

Sheet Songs
A1: # | B1: Year | C1: Album | D1: Track | E1: Title | F1: Alt Title | G1: Author | H1: Key | I1: Tempo | J1: CCLI# | K1: Notes | L1: In MC?
B2: 1997 | C2: Our Soul's Desire | D2: 1 | E2: Glorify | J2: =INDEX([1]Songs!$L:$L,MATCH(E2,[1]Songs!$E:$E,0)) -> #N/A | L2: =IF(ISNUMBER(INDEX([1]Songs!$L:$L,MATCH(E2,[1]Songs!$E:$E,0))),"YES","")
B3: 1997 | C3: Our Soul's Desire | D3: 2 | E3: Sweet Wind | J3: =INDEX([1]Songs!$L:$L,MATCH(E3,[1]Songs!$E:$E,0)) -> #N/A | L3: =IF(ISNUMBER(INDEX([1]Songs!$L:$L,MATCH(E3,[1]Songs!$E:$E,0))),"YES","")
B4: 1997 | C4: Our Soul's Desire | D4: 3 | E4: As We Pray | J4: =INDEX([1]Songs!$L:$L,MATCH(E4,[1]Songs!$E:$E,0)) -> #N/A | L4: =IF(ISNUMBER(INDEX([1]Songs!$L:$L,MATCH(E4,[1]Songs!$E:$E,0))),"YES","")
B5: 1997 | C5: Our Soul's Desire | D5: 4 | E5: You Are Worthy of My Praise | J5: =INDEX([1]Songs!$L:$L,MATCH(E5,[1]Songs!$E:$E,0)) -> #N/A | L5: =IF(ISNUMBER(INDEX([1]Songs!$L:$L,MATCH(E5,[1]Songs!$E:$E,0))),"YES","")
B6: 1997 | C6: Our Soul's Desire | D6: 5 | E6: Lord Of The Heavens | J6: =INDEX([1]Songs!$L:$L,MATCH(E6,[1]Songs!$E:$E,0)) -> #N/A | L6: =IF(ISNUMBER(INDEX([1]Songs!$L:$L,MATCH(E6,[1]Songs!$E:$E,0))),"YES","")
B7: 1997 | C7: Our Soul's Desire | D7: 6 | E7: Break Our Hearts | J7: =INDEX([1]Songs!$L:$L,MATCH(E7,[1]Songs!$E:$E,0)) -> #N/A | L7: =IF(ISNUMBER(INDEX([1]Songs!$L:$L,MATCH(E7,[1]Songs!$E:$E,0))),"YES","")
B8: 1997 | C8: Our Soul's Desire | D8: 7 | E8: We Fall Down | J8: =INDEX([1]Songs!$L:$L,MATCH(E8,[1]Songs!$E:$E,0)) -> #N/A | L8: =IF(ISNUMBER(INDEX([1]Songs!$L:$L,MATCH(E8,[1]Songs!$E:$E,0))),"YES","")
B9: 1997 | C9: Our Soul's Desire | D9: 8 | E9: Mercy Rain | J9: =INDEX([1]Songs!$L:$L,MATCH(E9,[1]Songs!$E:$E,0)) -> #N/A | L9: =IF(ISNUMBER(INDEX([1]Songs!$L:$L,MATCH(E9,[1]Songs!$E:$E,0))),"YES","")
B10: 1997 | C10: Our Soul's Desire | D10: 9 | E10: Spirit Fall On Me | J10: =INDEX([1]Songs!$L:$L,MATCH(E10,[1]Songs!$E:$E,0)) -> #N/A | L10: =IF(ISNUMBER(INDEX([1]Songs!$L:$L,MATCH(E10,[1]Songs!$E:$E,0))),"YES","")
B11: 1997 | C11: Our Soul's Desire | D11: 10 | E11: You Alone | J11: =INDEX([1]Songs!$L:$L,MATCH(E11,[1]Songs!$E:$E,0)) -> #N/A | L11: =IF(ISNUMBER(INDEX([1]Songs!$L:$L,MATCH(E11,[1]Songs!$E:$E,0))),"YES","")
B12: 1997 | C12: Our Soul's Desire | D12: 11 | E12: Amazing Love | J12: =INDEX([1]Songs!$L:$L,MATCH(E12,[1]Songs!$E:$E,0)) -> #N/A | L12: =IF(ISNUMBER(INDEX([1]Songs!$L:$L,MATCH(E12,[1]Songs!$E:$E,0))),"YES","")
B13: 1997 | C13: Our Soul's Desire | D13: 12 | E13: O For A Thousand Tounges To Sing | J13: =INDEX([1]Songs!$L:$L,MATCH(E13,[1]Songs!$E:$E,0)) -> #N/A | L13: =IF(ISNUMBER(INDEX([1]Songs!$L:$L,MATCH(E13,[1]Songs!$E:$E,0))),"YES","")
... B52: 2000 | C52: One Day Live | D52: 12 | E52: America | J52: =INDEX([1]Songs!$L:$L,MATCH(E52,[1]Songs!$E:$E,0)) -> #N/A | L52: =IF(ISNUMBER(INDEX([1]Songs!$L:$L,MATCH(E52,[1]Songs!$E:$E,0))),"YES","")
B53: 2000 | C53: The Road to One Day | D53: 1 | E53: Salvation | G53: Charlie Hall | J53: =INDEX([1]Songs!$L:$L,MATCH(E53,[1]Songs!$E:$E,0)) -> #N/A | L53: =IF(ISNUMBER(INDEX([1]Songs!$L:$L,MATCH(E53,[1]Songs!$E:$E,0))),"YES","")
B54: 2000 | C54: The Road to One Day | D54: 2 | E54: Shout To The North | G54: Charlie Hall | J54: =INDEX([1]Songs!$L:$L,MATCH(E54,[1]Songs!$E:$E,0)) -> #N/A | L54: =IF(ISNUMBER(INDEX([1]Songs!$L:$L,MATCH(E54,[1]Songs!$E:$E,0))),"YES","")
B55: 2000 | C55: The Road to One Day | D55: 3 | E55: The Noise We Make | G55: Chris Tomlin | J55: =INDEX([1]Songs!$L:$L,MATCH(E55,[1]Songs!$E:$E,0)) -> #N/A | L55: =IF(ISNUMBER(INDEX([1]Songs!$L:$L,MATCH(E55,[1]Songs!$E:$E,0))),"YES","")
B56: 2000 | C56: The Road to One Day | D56: 4 | E56: Break Our Hearts | G56: Shelley Nirider | J56: =INDEX([1]Songs!$L:$L,MATCH(E56,[1]Songs!$E:$E,0)) -> #N/A | L56: =IF(ISNUMBER(INDEX([1]Songs!$L:$L,MATCH(E56,[1]Songs!$E:$E,0))),"YES","")
B57: 2000 | C57: The Road to One Day | D57: 5 | E57: Make A Joyful Noise / I Will Not Be Silent | G57: David Crowder | J57: =INDEX([1]Songs!$L:$L,MATCH(E57,[1]Songs!$E:$E,0)) -> #N/A | L57: =IF(ISNUMBER(INDEX([1]Songs!$L:$L,MATCH(E57,[1]Songs!$E:$E,0))),"YES","")
B58: 2000 | C58: The Road to One Day | D58: 6 | E58: Kindness | G58: Chris Tomlin | J58: =INDEX([1]Songs!$L:$L,MATCH(E58,[1]Songs!$E:$E,0)) -> #N/A | L58: =IF(ISNUMBER(INDEX([1]Songs!$L:$L,MATCH(E58,[1]Songs!$E:$E,0))),"YES","")
B59: 2000 | C59: The Road to One Day | D59: 7 | E59: Holy Visitation | G59: Charlie Hall | J59: =INDEX([1]Songs!$L:$L,MATCH(E59,[1]Songs!$E:$E,0)) -> #N/A | L59: =IF(ISNUMBER(INDEX([1]Songs!$L:$L,MATCH(E59,[1]Songs!$E:$E,0))),"YES","")
B60: 2000 | C60: The Road to One Day | D60: 8 | E60: We Are Hungry | G60: Steve Fee | J60: =INDEX([1]Songs!$L:$L,MATCH(E60,[1]Songs!$E:$E,0)) -> #N/A | L60: =IF(ISNUMBER(INDEX([1]Songs!$L:$L,MATCH(E60,[1]Songs!$E:$E,0))),"YES","")
B61: 2000 | C61: The Road to One Day | D61: 9 | E61: Prelude | J61: =INDEX([1]Songs!$L:$L,MATCH(E61,[1]Songs!$E:$E,0)) -> #N/A | L61: =IF(ISNUMBER(INDEX([1]Songs!$L:$L,MATCH(E61,[1]Songs!$E:$E,0))),"YES","")
B62: 2000 | C62: The Road to One Day | D62: 10 | E62: Holy Roar | G62: Christy Nockels | J62: =INDEX([1]Songs!$L:$L,MATCH(E62,[1]Songs!$E:$E,0)) -> #N/A | L62: =IF(ISNUMBER(INDEX([1]Songs!$L:$L,MATCH(E62,[1]Songs!$E:$E,0))),"YES","")
B63: 2000 | C63: The Road to One Day | D63: 11 | E63: Did You Feel The Mountains Tremble? | G63: Matt Redman | J63: =INDEX([1]Songs!$L:$L,MATCH(E63,[1]Songs!$E:$E,0)) -> #N/A | L63: =IF(ISNUMBER(INDEX([1]Songs!$L:$L,MATCH(E63,[1]Songs!$E:$E,0))),"YES","")
B64: 2000 | C64: The Road to One Day | D64: 12 | E64: Jesus, Lover Of My Soul | G64: Shelly Nirider | J64: =INDEX([1]Songs!$L:$L,MATCH(E64,[1]Songs!$E:$E,0)) -> #N/A | L64: =IF(ISNUMBER(INDEX([1]Songs!$L:$L,MATCH(E64,[1]Songs!$E:$E,0))),"YES","")
B65: 2002 | C65: Our Love is Loud | D65: 1 | E65: Here I Am To Worship | G65: Chris Tomlin | J65: =INDEX([1]Songs!$L:$L,MATCH(E65,[1]Songs!$E:$E,0)) -> 3266032 | L65: =IF(ISNUMBER(INDEX([1]Songs!$L:$L,MATCH(E65,[1]Songs!$E:$E,0))),"YES","") -> YES
B66: 2002 | C66: Our Love is Loud | D66: 2 | E66: Enough | G66: Chris Tomlin | J66: =INDEX([1]Songs!$L:$L,MATCH(E66,[1]Songs!$E:$E,0)) -> 3599479 | L66: =IF(ISNUMBER(INDEX([1]Songs!$L:$L,MATCH(E66,[1]Songs!$E:$E,0))),"YES","") -> YES
B67: 2002 | C67: Our Love is Loud | D67: 3 | E67: Famous One | G67: Chris Tomlin | J67: =INDEX([1]Songs!$L:$L,MATCH(E67,[1]Songs!$E:$E,0)) -> #N/A | L67: =IF(ISNUMBER(INDEX([1]Songs!$L:$L,MATCH(E67,[1]Songs!$E:$E,0))),"YES","")
B68: 2002 | C68: Our Love is Loud | D68: 4 | E68: Prepare The Way | G68: Charlie Hall | J68: =INDEX([1]Songs!$L:$L,MATCH(E68,[1]Songs!$E:$E,0)) -> #N/A | L68: =IF(ISNUMBER(INDEX([1]Songs!$L:$L,MATCH(E68,[1]Songs!$E:$E,0))),"YES","")
B69: 2002 | C69: Our Love is Loud | D69: 5 | E69: Sweep Me Away | G69: Charlie Hall | J69: =INDEX([1]Songs!$L:$L,MATCH(E69,[1]Songs!$E:$E,0)) -> #N/A | L69: =IF(ISNUMBER(INDEX([1]Songs!$L:$L,MATCH(E69,[1]Songs!$E:$E,0))),"YES","")
B70: 2002 | C70: Our Love is Loud | D70: 6 | E70: Madly | G70: Charlie Hall | J70: =INDEX([1]Songs!$L:$L,MATCH(E70,[1]Songs!$E:$E,0)) -> #N/A | L70: =IF(ISNUMBER(INDEX([1]Songs!$L:$L,MATCH(E70,[1]Songs!$E:$E,0))),"YES","")
B71: 2002 | C71: Our Love is Loud | D71: 7 | E71: Psalm 126 | G71: Charlie Hall | J71: =INDEX([1]Songs!$L:$L,MATCH(E71,[1]Songs!$E:$E,0)) -> #N/A | L71: =IF(ISNUMBER(INDEX([1]Songs!$L:$L,MATCH(E71,[1]Songs!$E:$E,0))),"YES","")
B72: 2002 | C72: Our Love is Loud | D72: 8 | E72: Wonderful King | G72: David Crowder Band | J72: =INDEX([1]Songs!$L:$L,MATCH(E72,[1]Songs!$E:$E,0)) -> #N/A | L72: =IF(ISNUMBER(INDEX([1]Songs!$L:$L,MATCH(E72,[1]Songs!$E:$E,0))),"YES","")
B73: 2002 | C73: Our Love is Loud | D73: 9 | E73: Our Love Is Loud | G73: David Crowder Band | J73: =INDEX([1]Songs!$L:$L,MATCH(E73,[1]Songs!$E:$E,0)) -> #N/A | L73: =IF(ISNUMBER(INDEX([1]Songs!$L:$L,MATCH(E73,[1]Songs!$E:$E,0))),"YES","")
... B77: 2002 | C77: Our Love is Loud | D77: 13 | E77: Dance In The River | G77: Chris Tomlin | J77: =INDEX([1]Songs!$L:$L,MATCH(E77,[1]Songs!$E:$E,0)) -> #N/A | L77: =IF(ISNUMBER(INDEX([1]Songs!$L:$L,MATCH(E77,[1]Songs!$E:$E,0))),"YES","")
B78: 2003 | C78: Sacred Revolution: Songs From OneDay 03 | D78: 1 | E78: O Praise Him | F78: All This for a King | J78: =INDEX([1]Songs!$L:$L,MATCH(E78,[1]Songs!$E:$E,0)) -> 4158022 | L78: =IF(ISNUMBER(INDEX([1]Songs!$L:$L,MATCH(E78,[1]Songs!$E:$E,0))),"YES","") -> YES
B79: 2003 | C79: Sacred Revolution: Songs From OneDay 03 | D79: 2 | E79: O Come Let Us Adore Him | J79: =INDEX([1]Songs!$L:$L,MATCH(E79,[1]Songs!$E:$E,0)) -> #N/A | L79: =IF(ISNUMBER(INDEX([1]Songs!$L:$L,MATCH(E79,[1]Songs!$E:$E,0))),"YES","")
B80: 2003 | C80: Sacred Revolution: Songs From OneDay 03 | D80: 3 | E80: Holy Is the Lord | J80: =INDEX([1]Songs!$L:$L,MATCH(E80,[1]Songs!$E:$E,0)) -> 4158039 | L80: =IF(ISNUMBER(INDEX([1]Songs!$L:$L,MATCH(E80,[1]Songs!$E:$E,0))),"YES","") -> YES
B81: 2003 | C81: Sacred Revolution: Songs From OneDay 03 | D81: 4 | E81: Come Let Us Return to the Lord | J81: =INDEX([1]Songs!$L:$L,MATCH(E81,[1]Songs!$E:$E,0)) -> #N/A | L81: =IF(ISNUMBER(INDEX([1]Songs!$L:$L,MATCH(E81,[1]Songs!$E:$E,0))),"YES","")
B82: 2003 | C82: Sacred Revolution: Songs From OneDay 03 | D82: 5 | E82: All the Earth | J82: =INDEX([1]Songs!$L:$L,MATCH(E82,[1]Songs!$E:$E,0)) -> #N/A | L82: =IF(ISNUMBER(INDEX([1]Songs!$L:$L,MATCH(E82,[1]Songs!$E:$E,0))),"YES","")
B83: 2003 | C83: Sacred Revolution: Songs From OneDay 03 | D83: 6 | E83: Sing to the King | J83: =INDEX([1]Songs!$L:$L,MATCH(E83,[1]Songs!$E:$E,0)) -> #N/A | L83: =IF(ISNUMBER(INDEX([1]Songs!$L:$L,MATCH(E83,[1]Songs!$E:$E,0))),"YES","")
B84: 2003 | C84: Sacred Revolution: Songs From OneDay 03 | D84: 7 | E84: Blessed Be Your Name | J84: =INDEX([1]Songs!$L:$L,MATCH(E84,[1]Songs!$E:$E,0)) -> 3798438 | L84: =IF(ISNUMBER(INDEX([1]Songs!$L:$L,MATCH(E84,[1]Songs!$E:$E,0))),"YES","") -> YES
B85: 2003 | C85: Sacred Revolution: Songs From OneDay 03 | D85: 8 | E85: Knees to the Earth | J85: =INDEX([1]Songs!$L:$L,MATCH(E85,[1]Songs!$E:$E,0)) -> #N/A | L85: =IF(ISNUMBER(INDEX([1]Songs!$L:$L,MATCH(E85,[1]Songs!$E:$E,0))),"YES","")
B86: 2003 | C86: Sacred Revolution: Songs From OneDay 03 | D86: 9 | E86: Sending | J86: =INDEX([1]Songs!$L:$L,MATCH(E86,[1]Songs!$E:$E,0)) -> #N/A | L86: =IF(ISNUMBER(INDEX([1]Songs!$L:$L,MATCH(E86,[1]Songs!$E:$E,0))),"YES","")
B87: 2003 | C87: Sacred Revolution: Songs From OneDay 03 | D87: 10 | E87: Take My Life | J87: =INDEX([1]Songs!$L:$L,MATCH(E87,[1]Songs!$E:$E,0)) -> #N/A | L87: =IF(ISNUMBER(INDEX([1]Songs!$L:$L,MATCH(E87,[1]Songs!$E:$E,0))),"YES","")
B88: 2003 | C88: Sacred Revolution: Songs From OneDay 03 | D88: 11 | E88: Stars | J88: =INDEX([1]Songs!$L:$L,MATCH(E88,[1]Songs!$E:$E,0)) -> #N/A | L88: =IF(ISNUMBER(INDEX([1]Songs!$L:$L,MATCH(E88,[1]Songs!$E:$E,0))),"YES","")
B89: 2003 | C89: Sacred Revolution: Songs From OneDay 03 | D89: 12 | E89: Revolution Cry | J89: =INDEX([1]Songs!$L:$L,MATCH(E89,[1]Songs!$E:$E,0)) -> #N/A | L89: =IF(ISNUMBER(INDEX([1]Songs!$L:$L,MATCH(E89,[1]Songs!$E:$E,0))),"YES","")
B90: 2003 | C90: Sacred Revolution: Songs From OneDay 03 | D90: 13 | E90: Not to Us | J90: =INDEX([1]Songs!$L:$L,MATCH(E90,[1]Songs!$E:$E,0)) -> #N/A | L90: =IF(ISNUMBER(INDEX([1]Songs!$L:$L,MATCH(E90,[1]Songs!$E:$E,0))),"YES","")
... B96: 2004 | C96: Hymns Ancient and Modern | D96: 6 | E96: How Great Thou Art | J96: =INDEX([1]Songs!$L:$L,MATCH(E96,[1]Songs!$E:$E,0)) -> 14181 | L96: =IF(ISNUMBER(INDEX([1]Songs!$L:$L,MATCH(E96,[1]Songs!$E:$E,0))),"YES","") -> YES
B97: 2004 | C97: Hymns Ancient and Modern | D97: 7 | E97: Raise Up the Crown | F97: All Hail the Power of Jesus' Name | J97: =INDEX([1]Songs!$L:$L,MATCH(E97,[1]Songs!$E:$E,0)) -> #N/A | L97: =IF(ISNUMBER(INDEX([1]Songs!$L:$L,MATCH(E97,[1]Songs!$E:$E,0))),"YES","")
B98: 2004 | C98: Hymns Ancient and Modern | D98: 8 | E98: Creatures Of Our God and King | J98: =INDEX([1]Songs!$L:$L,MATCH(E98,[1]Songs!$E:$E,0)) -> #N/A | L98: =IF(ISNUMBER(INDEX([1]Songs!$L:$L,MATCH(E98,[1]Songs!$E:$E,0))),"YES","")
B99: 2004 | C99: Hymns Ancient and Modern | D99: 9 | E99: Solid Rock | F99: On Christ the Solid Rock | J99: =INDEX([1]Songs!$L:$L,MATCH(E99,[1]Songs!$E:$E,0)) -> #N/A | L99: =IF(ISNUMBER(INDEX([1]Songs!$L:$L,MATCH(E99,[1]Songs!$E:$E,0))),"YES","")
B100: 2004 | C100: Hymns Ancient and Modern | D100: 10 | E100: Phos Hilaron | F100: Hail Gladdening Light | J100: =INDEX([1]Songs!$L:$L,MATCH(E100,[1]Songs!$E:$E,0)) -> #N/A | L100: =IF(ISNUMBER(INDEX([1]Songs!$L:$L,MATCH(E100,[1]Songs!$E:$E,0))),"YES","")
B101: 2004 | C101: Hymns Ancient and Modern | D101: 11 | E101: Joyous Light | J101: =INDEX([1]Songs!$L:$L,MATCH(E101,[1]Songs!$E:$E,0)) -> #N/A | L101: =IF(ISNUMBER(INDEX([1]Songs!$L:$L,MATCH(E101,[1]Songs!$E:$E,0))),"YES","")
B102: 2004 | C102: Hymns Ancient and Modern | D102: 12 | E102: Here Is Love | J102: =INDEX([1]Songs!$L:$L,MATCH(E102,[1]Songs!$E:$E,0)) -> 3287884 | L102: =IF(ISNUMBER(INDEX([1]Songs!$L:$L,MATCH(E102,[1]Songs!$E:$E,0))),"YES","") -> YES
B103: 2004 | C103: Hymns Ancient and Modern | D103: 13 | E103: Fairest Lord Jesus | J103: =INDEX([1]Songs!$L:$L,MATCH(E103,[1]Songs!$E:$E,0)) -> #N/A | L103: =IF(ISNUMBER(INDEX([1]Songs!$L:$L,MATCH(E103,[1]Songs!$E:$E,0))),"YES","")
B104: 2004 | C104: Hymns Ancient and Modern | D104: 14 | E104: Take My Life | J104: =INDEX([1]Songs!$L:$L,MATCH(E104,[1]Songs!$E:$E,0)) -> #N/A | L104: =IF(ISNUMBER(INDEX([1]Songs!$L:$L,MATCH(E104,[1]Songs!$E:$E,0))),"YES","")
B105: 2005 | C105: How Great Is Our God | D105: 1 | E105: No One Like You | G105: David Crowder Band | J105: =INDEX([1]Songs!$L:$L,MATCH(E105,[1]Songs!$E:$E,0)) -> #N/A | L105: =IF(ISNUMBER(INDEX([1]Songs!$L:$L,MATCH(E105,[1]Songs!$E:$E,0))),"YES","")
B106: 2005 | C106: How Great Is Our God | D106: 2 | E106: All Over the World | G106: Matt Redman | J106: =INDEX([1]Songs!$L:$L,MATCH(E106,[1]Songs!$E:$E,0)) -> #N/A | L106: =IF(ISNUMBER(INDEX([1]Songs!$L:$L,MATCH(E106,[1]Songs!$E:$E,0))),"YES","")
B107: 2005 | C107: How Great Is Our God | D107: 3 | E107: Indescribable | G107: Chris Tomlin | J107: =INDEX([1]Songs!$L:$L,MATCH(E107,[1]Songs!$E:$E,0)) -> 4403076 | L107: =IF(ISNUMBER(INDEX([1]Songs!$L:$L,MATCH(E107,[1]Songs!$E:$E,0))),"YES","") -> YES
B108: 2005 | C108: How Great Is Our God | D108: 4 | E108: How Great Is Our God | G108: Chris Tomlin | J108: =INDEX([1]Songs!$L:$L,MATCH(E108,[1]Songs!$E:$E,0)) -> 4348399 | L108: =IF(ISNUMBER(INDEX([1]Songs!$L:$L,MATCH(E108,[1]Songs!$E:$E,0))),"YES","") -> YES
B109: 2005 | C109: How Great Is Our God | D109: 5 | E109: Here Is Our King | G109: David Crowder Band | J109: =INDEX([1]Songs!$L:$L,MATCH(E109,[1]Songs!$E:$E,0)) -> #N/A | L109: =IF(ISNUMBER(INDEX([1]Songs!$L:$L,MATCH(E109,[1]Songs!$E:$E,0))),"YES","")
B110: 2005 | C110: How Great Is Our God | D110: 6 | E110: Majesty | G110: Charlie Hall | J110: =INDEX([1]Songs!$L:$L,MATCH(E110,[1]Songs!$E:$E,0)) -> 4219071 | L110: =IF(ISNUMBER(INDEX([1]Songs!$L:$L,MATCH(E110,[1]Songs!$E:$E,0))),"YES","") -> YES
B111: 2005 | C111: How Great Is Our God | D111: 7 | E111: The Glory of Your Name | G111: Christy Nockels | J111: =INDEX([1]Songs!$L:$L,MATCH(E111,[1]Songs!$E:$E,0)) -> #N/A | L111: =IF(ISNUMBER(INDEX([1]Songs!$L:$L,MATCH(E111,[1]Songs!$E:$E,0))),"YES","")
B112: 2005 | C112: How Great Is Our God | D112: 8 | E112: Whole World In His Hands | G112: Matt Redman | J112: =INDEX([1]Songs!$L:$L,MATCH(E112,[1]Songs!$E:$E,0)) -> #N/A | L112: =IF(ISNUMBER(INDEX([1]Songs!$L:$L,MATCH(E112,[1]Songs!$E:$E,0))),"YES","")
B113: 2005 | C113: How Great Is Our God | D113: 9 | E113: Mission's Flame | G113: Matt Redman | J113: =INDEX([1]Songs!$L:$L,MATCH(E113,[1]Songs!$E:$E,0)) -> #N/A | L113: =IF(ISNUMBER(INDEX([1]Songs!$L:$L,MATCH(E113,[1]Songs!$E:$E,0))),"YES","")
B114: 2005 | C114: How Great Is Our God | D114: 10 | E114: Marvelous Light | G114: Charlie Hall | J114: =INDEX([1]Songs!$L:$L,MATCH(E114,[1]Songs!$E:$E,0)) -> 4491002 | L114: =IF(ISNUMBER(INDEX([1]Songs!$L:$L,MATCH(E114,[1]Songs!$E:$E,0))),"YES","") -> YES
B115: 2005 | C115: How Great Is Our God | D115: 11 | E115: Nothing But the Blood | G115: Charlie Hall | J115: =INDEX([1]Songs!$L:$L,MATCH(E115,[1]Songs!$E:$E,0)) -> 4329411 | L115: =IF(ISNUMBER(INDEX([1]Songs!$L:$L,MATCH(E115,[1]Songs!$E:$E,0))),"YES","") -> YES
B116: 2005 | C116: How Great Is Our God | D116: 12 | E116: Your Grace Is Enough | G116: Chris Tomlin | J116: =INDEX([1]Songs!$L:$L,MATCH(E116,[1]Songs!$E:$E,0)) -> 4477026 | L116: =IF(ISNUMBER(INDEX([1]Songs!$L:$L,MATCH(E116,[1]Songs!$E:$E,0))),"YES","") -> YES
... B127: 2006 | C127: Everything Glorious | D127: 8 | E127: You Never Let Go | G127: Matt Redman | J127: =INDEX([1]Songs!$L:$L,MATCH(E127,[1]Songs!$E:$E,0)) -> 4674166 | L127: =IF(ISNUMBER(INDEX([1]Songs!$L:$L,MATCH(E127,[1]Songs!$E:$E,0))),"YES","") -> YES
B128: 2006 | C128: Everything Glorious | D128: 9 | E128: How Marvelous | F128: I Stand Amazed | G128: Chris Tomlin | J128: =INDEX([1]Songs!$L:$L,MATCH(E128,[1]Songs!$E:$E,0)) -> #N/A | L128: =IF(ISNUMBER(INDEX([1]Songs!$L:$L,MATCH(E128,[1]Songs!$E:$E,0))),"YES","")
B129: 2006 | C129: Everything Glorious | D129: 10 | E129: Everything Glorious | G129: DCB | J129: =INDEX([1]Songs!$L:$L,MATCH(E129,[1]Songs!$E:$E,0)) -> #N/A | L129: =IF(ISNUMBER(INDEX([1]Songs!$L:$L,MATCH(E129,[1]Songs!$E:$E,0))),"YES","")
B130: 2006 | C130: Everything Glorious | D130: 11 | E130: You Are My Joy | G130: DCB | J130: =INDEX([1]Songs!$L:$L,MATCH(E130,[1]Songs!$E:$E,0)) -> #N/A | L130: =IF(ISNUMBER(INDEX([1]Songs!$L:$L,MATCH(E130,[1]Songs!$E:$E,0))),"YES","")
B131: 2006 | C131: Everything Glorious | D131: 12 | E131: We Win | G131: DCB | J131: =INDEX([1]Songs!$L:$L,MATCH(E131,[1]Songs!$E:$E,0)) -> #N/A | L131: =IF(ISNUMBER(INDEX([1]Songs!$L:$L,MATCH(E131,[1]Songs!$E:$E,0))),"YES","")
B132: 2006 | C132: Everything Glorious | D132: 13 | E132: Our God Reigns | G132: Chris Tomlin & Matt Redman | J132: =INDEX([1]Songs!$L:$L,MATCH(E132,[1]Songs!$E:$E,0)) -> #N/A | L132: =IF(ISNUMBER(INDEX([1]Songs!$L:$L,MATCH(E132,[1]Songs!$E:$E,0))),"YES","")
B133: 2006 | C133: Passion: The Early Session | D133: 1 | E133: Salvation Is Here | G133: Joel Houston | J133: =INDEX([1]Songs!$L:$L,MATCH(E133,[1]Songs!$E:$E,0)) -> #N/A | L133: =IF(ISNUMBER(INDEX([1]Songs!$L:$L,MATCH(E133,[1]Songs!$E:$E,0))),"YES","")
B134: 2006 | C134: Passion: The Early Session | D134: 2 | E134: You Are My Joy | G134: David Crowder | J134: =INDEX([1]Songs!$L:$L,MATCH(E134,[1]Songs!$E:$E,0)) -> #N/A | L134: =IF(ISNUMBER(INDEX([1]Songs!$L:$L,MATCH(E134,[1]Songs!$E:$E,0))),"YES","")
B135: 2006 | C135: Passion: The Early Session | D135: 3 | E135: Made to Worship | G135: Chris Tomlin | J135: =INDEX([1]Songs!$L:$L,MATCH(E135,[1]Songs!$E:$E,0)) -> #N/A | L135: =IF(ISNUMBER(INDEX([1]Songs!$L:$L,MATCH(E135,[1]Songs!$E:$E,0))),"YES","")
B136: 2006 | C136: Passion: The Early Session | D136: 4 | E136: Center | G136: Charlie Hall | J136: =INDEX([1]Songs!$L:$L,MATCH(E136,[1]Songs!$E:$E,0)) -> #N/A | L136: =IF(ISNUMBER(INDEX([1]Songs!$L:$L,MATCH(E136,[1]Songs!$E:$E,0))),"YES","")
B137: 2007 | C137: Live From Passion07 | D137: 1 | E137: Friend Of God | G137: Chris Tomlin | J137: =INDEX([1]Songs!$L:$L,MATCH(E137,[1]Songs!$E:$E,0)) -> #N/A | L137: =IF(ISNUMBER(INDEX([1]Songs!$L:$L,MATCH(E137,[1]Songs!$E:$E,0))),"YES","")
B138: 2007 | C138: Live From Passion07 | D138: 2 | E138: You Are God | G138: Charlie Hall | J138: =INDEX([1]Songs!$L:$L,MATCH(E138,[1]Songs!$E:$E,0)) -> #N/A | L138: =IF(ISNUMBER(INDEX([1]Songs!$L:$L,MATCH(E138,[1]Songs!$E:$E,0))),"YES","")
B139: 2007 | C139: Live From Passion07 | D139: 3 | E139: Oh the Glory of It All | G139: David Crowder Band | J139: =INDEX([1]Songs!$L:$L,MATCH(E139,[1]Songs!$E:$E,0)) -> #N/A | L139: =IF(ISNUMBER(INDEX([1]Songs!$L:$L,MATCH(E139,[1]Songs!$E:$E,0))),"YES","")
B140: 2007 | C140: Live From Passion07 | D140: 4 | E140: Shine | G140: Matt Redman | J140: =INDEX([1]Songs!$L:$L,MATCH(E140,[1]Songs!$E:$E,0)) -> #N/A | L140: =IF(ISNUMBER(INDEX([1]Songs!$L:$L,MATCH(E140,[1]Songs!$E:$E,0))),"YES","")
... B153: 2008 | C153: A Generation United for His Renown | D153: 11 | E153: You Never Let Go | G153: Matt Redman | J153: =INDEX([1]Songs!$L:$L,MATCH(E153,[1]Songs!$E:$E,0)) -> 4674166 | L153: =IF(ISNUMBER(INDEX([1]Songs!$L:$L,MATCH(E153,[1]Songs!$E:$E,0))),"YES","") -> YES
B154: 2008 | C154: A Generation United for His Renown | D154: 12 | E154: O Praise Him | F154: All This for a King | G154: David Crowder | J154: =INDEX([1]Songs!$L:$L,MATCH(E154,[1]Songs!$E:$E,0)) -> 4158022 | L154: =IF(ISNUMBER(INDEX([1]Songs!$L:$L,MATCH(E154,[1]Songs!$E:$E,0))),"YES","") -> YES
B155: 2008 | C155: A Generation United for His Renown | D155: 13 | E155: God of Our Yesterdays | G155: Matt Redman | J155: =INDEX([1]Songs!$L:$L,MATCH(E155,[1]Songs!$E:$E,0)) -> #N/A | L155: =IF(ISNUMBER(INDEX([1]Songs!$L:$L,MATCH(E155,[1]Songs!$E:$E,0))),"YES","")
B156: 2008 | C156: A Generation United for His Renown | D156: 14 | E156: Amazing Grace | G156: Chris Tomlin | J156: =INDEX([1]Songs!$L:$L,MATCH(E156,[1]Songs!$E:$E,0)) -> 4768151 | L156: =IF(ISNUMBER(INDEX([1]Songs!$L:$L,MATCH(E156,[1]Songs!$E:$E,0))),"YES","") -> YES
B157: 2008 | C157: God of This City | D157: 1 | E157: Let God Arise | G157: Chris Tomlin | J157: =INDEX([1]Songs!$L:$L,MATCH(E157,[1]Songs!$E:$E,0)) -> #N/A | L157: =IF(ISNUMBER(INDEX([1]Songs!$L:$L,MATCH(E157,[1]Songs!$E:$E,0))),"YES","")
B158: 2008 | C158: God of This City | D158: 2 | E158: You Are God | G158: Charlie Hall | J158: =INDEX([1]Songs!$L:$L,MATCH(E158,[1]Songs!$E:$E,0)) -> #N/A | L158: =IF(ISNUMBER(INDEX([1]Songs!$L:$L,MATCH(E158,[1]Songs!$E:$E,0))),"YES","")
B159: 2008 | C159: God of This City | D159: 3 | E159: God Of This City | G159: Chris Tomlin | J159: =INDEX([1]Songs!$L:$L,MATCH(E159,[1]Songs!$E:$E,0)) -> #N/A | L159: =IF(ISNUMBER(INDEX([1]Songs!$L:$L,MATCH(E159,[1]Songs!$E:$E,0))),"YES","")
B160: 2008 | C160: God of This City | D160: 4 | E160: O, For A Thousand Tongues To Sing | G160: David Crowder Band | J160: =INDEX([1]Songs!$L:$L,MATCH(E160,[1]Songs!$E:$E,0)) -> #N/A | L160: =IF(ISNUMBER(INDEX([1]Songs!$L:$L,MATCH(E160,[1]Songs!$E:$E,0))),"YES","")
B161: 2008 | C161: God of This City | D161: 5 | E161: Hosanna | G161: Christy Nockels | J161: =INDEX([1]Songs!$L:$L,MATCH(E161,[1]Songs!$E:$E,0)) -> #N/A | L161: =IF(ISNUMBER(INDEX([1]Songs!$L:$L,MATCH(E161,[1]Songs!$E:$E,0))),"YES","")
B162: 2008 | C162: God of This City | D162: 6 | E162: Sing, Sing, Sing | G162: Chris Tomlin | J162: =INDEX([1]Songs!$L:$L,MATCH(E162,[1]Songs!$E:$E,0)) -> #N/A | L162: =IF(ISNUMBER(INDEX([1]Songs!$L:$L,MATCH(E162,[1]Songs!$E:$E,0))),"YES","")
B163: 2008 | C163: God of This City | D163: 7 | E163: Beautiful Jesus | G163: Kristian Stanfill | J163: =INDEX([1]Songs!$L:$L,MATCH(E163,[1]Songs!$E:$E,0)) -> #N/A | L163: =IF(ISNUMBER(INDEX([1]Songs!$L:$L,MATCH(E163,[1]Songs!$E:$E,0))),"YES","")
B164: 2008 | C164: God of This City | D164: 8 | E164: Walk The World | G164: Charlie Hall | J164: =INDEX([1]Songs!$L:$L,MATCH(E164,[1]Songs!$E:$E,0)) -> #N/A | L164: =IF(ISNUMBER(INDEX([1]Songs!$L:$L,MATCH(E164,[1]Songs!$E:$E,0))),"YES","")
B165: 2008 | C165: God of This City | D165: 9 | E165: We Shine | G165: FEE | J165: =INDEX([1]Songs!$L:$L,MATCH(E165,[1]Songs!$E:$E,0)) -> #N/A | L165: =IF(ISNUMBER(INDEX([1]Songs!$L:$L,MATCH(E165,[1]Songs!$E:$E,0))),"YES","")
B166: 2008 | C166: God of This City | D166: 10 | E166: God Of Our Yesterdays | G166: Matt Redman | J166: =INDEX([1]Songs!$L:$L,MATCH(E166,[1]Songs!$E:$E,0)) -> #N/A | L166: =IF(ISNUMBER(INDEX([1]Songs!$L:$L,MATCH(E166,[1]Songs!$E:$E,0))),"YES","")
... B169: 2008 | C169: God of This City | D169: 13 | E169: Dancing Generation | G169: Matt Redman | J169: =INDEX([1]Songs!$L:$L,MATCH(E169,[1]Songs!$E:$E,0)) -> #N/A | L169: =IF(ISNUMBER(INDEX([1]Songs!$L:$L,MATCH(E169,[1]Songs!$E:$E,0))),"YES","")
B170: 2008 | C170: God of This City | D170: 14 | E170: Amazing Grace | F170: My Chains Are Gone | G170: Chris Tomlin | J170: =INDEX([1]Songs!$L:$L,MATCH(E170,[1]Songs!$E:$E,0)) -> #N/A | L170: =IF(ISNUMBER(INDEX([1]Songs!$L:$L,MATCH(E170,[1]Songs!$E:$E,0))),"YES","")
...

Sheet Rejected Compilations
A1: # | B1: Year | C1: Album | D1: Track | E1: Title | F1: Alt Title | G1: Author | H1: Key | I1: Tempo | J1: CCLI# | K1: Notes
B2: 2006 | C2: The Best of Passion (So Far) | D2: 1 | E2: Come And Listen | G2: David Crowder Band
B3: 2006 | C3: The Best of Passion (So Far) | D3: 2 | E3: You Alone | G3: Sam Perry
B4: 2006 | C4: The Best of Passion (So Far) | D4: 3 | E4: His Renown | G4: Christy Nockels
B5: 2006 | C5: The Best of Passion (So Far) | D5: 4 | E5: You're Worthy Of My Praise | G5: Charlie Hall
B6: 2006 | C6: The Best of Passion (So Far) | D6: 5 | E6: You Are My King | F6: Amazing Love | G6: Christy Nockels
B7: 2006 | C7: The Best of Passion (So Far) | D7: 6 | E7: Better Is One Day | G7: Charlie Hall
B8: 2006 | C8: The Best of Passion (So Far) | D8: 7 | E8: Did You Feel The Mountains Tremble? | G8: Matt Redman
B9: 2006 | C9: The Best of Passion (So Far) | D9: 8 | E9: Salvation | G9: Charlie Hall
B10: 2006 | C10: The Best of Passion (So Far) | D10: 9 | E10: Grace Flows Down | G10: Christy Nockels
B11: 2006 | C11: The Best of Passion (So Far) | D11: 10 | E11: We Fall Down | G11: Chris Tomlin
B12: 2006 | C12: The Best of Passion (So Far) | D12: 11 | E12: Our Love Is Loud | G12: David Crowder Band
B13: 2006 | C13: The Best of Passion (So Far) | D13: 12 | E13: Enough | G13: Chris Tomlin
B14: 2006 | C14: The Best of Passion (So Far) | D14: 13 | E14: Famous One | G14: Chris Tomlin
B15: 2006 | C15: The Best of Passion (So Far) | D15: 14 | E15: Blessed Be The Name | G15: Matt Redman
B16: 2006 | C16: The Best of Passion (So Far) | D16: 15 | E16: How Great Thou Art | G16: Charlie Hall
B17: 2006 | C17: The Best of Passion (So Far) | D17: 16 | E17: Holy Is The Lord | G17: Chris Tomlin
B18: 2006 | C18: The Best of Passion (So Far) | D18: 17 | E18: O Praise Him | F18: All This For A King | G18: David Crowder Band
B19: 2006 | C19: The Best of Passion (So Far) | D19: 18 | E19: Sing To The King | G19: Candi Pearson
B20: 2006 | C20: The Best of Passion (So Far) | D20: 19 | E20: Take My Life | F20: And Let It Be | G20: Chris Tomlin
B21: 2006 | C21: The Best of Passion (So Far) | D21: 20 | E21: No One Like You | G21: David Crowder Band
B22: 2006 | C22: The Best of Passion (So Far) | D22: 21 | E22: Marvelous Light | G22: Charlie Hall
B23: 2006 | C23: The Best of Passion (So Far) | D23: 22 | E23: How Great Is Our God | G23: Chris Tomlin
B24: 2006 | C24: The Best of Passion (So Far) | D24: 23 | E24: Here Is Our King | G24: David Crowder Band
B25: 2006 | C25: The Best of Passion (So Far) | D25: 24 | E25: Indescribable | G25: Chris Tomlin
B26: 2006 | C26: The Best of Passion (So Far) | D26: 25 | E26: All Over The World | G26: Matt Redman
B27: 2006 | C27: The Best of Passion (So Far) | D27: 26 | E27: You Never Let Go | G27: Matt Redman
B28: 2006 | C28: The Best of Passion (So Far) | D28: 27 | E28: Jesus Paid It All | G28: Kristian Stanfill
B29: 2006 | C29: The Best of Passion (So Far) | D29: 28 | E29: You Are My Joy | G29: David Crowder Band
B30: 2006 | C30: The Best of Passion (So Far) | D30: 29 | E30: Glorious | G30: Chris Tomlin
B31: 2006 | C31: The Best of Passion (So Far) | D31: 30 | E31: Jesus Lover Of My Soul | G31: Shelley Nirider
B32: 2014 | C32: Passion: The Essential Collection | D32: 1 | E32: Holy Is The Lord | G32: Chris Tomlin
B33: 2014 | C33: Passion: The Essential Collection | D33: 2 | E33: One Thing Remains | G33: Kristian Stanfill
B34: 2014 | C34: Passion: The Essential Collection | D34: 3 | E34: 10,000 Reasons | F34: Bless the Lord | G34: Matt Redman
B35: 2014 | C35: Passion: The Essential Collection | D35: 4 | E35: Our God | G35: Chris Tomlin
B36: 2014 | C36: Passion: The Essential Collection | D36: 5 | E36: How He Loves | G36: David Crowder Band
B37: 2014 | C37: Passion: The Essential Collection | D37: 6 | E37: Healing Is In Your Hands | G37: Christy Nockels
B38: 2014 | C38: Passion: The Essential Collection | D38: 7 | E38: Whom Shall I Fear | F38: God of Angels Armies | G38: Chris Tomlin
B39: 2014 | C39: Passion: The Essential Collection | D39: 8 | E39: You Never Let Me Go | G39: Matt Redman
B40: 2014 | C40: Passion: The Essential Collection | D40: 9 | E40: Amazing Grace | F40: My Chains Are Gone | G40: Chris Tomlin
B41: 2014 | C41: Passion: The Essential Collection | D41: 10 | E41: Better Is One Day | G41: Charlie Hall
B42: 2014 | C42: Passion: The Essential Collection | D42: 11 | E42: In Christ Alone | G42: Kristian Stanfill
B43: 2014 | C43: Passion: The Essential Collection | D43: 12 | E43: God Of This City | G43: Chris Tomlin
B44: 2014 | C44: Passion: The Essential Collection | D44: 13 | E44: Like A Lion | G44: David Crowder Band
B45: 2014 | C45: Passion: The Essential Collection | D45: 14 | E45: Waiting Here For You | G45: Christy Nockels
B46: 2014 | C46: Passion: The Essential Collection | D46: 15 | E46: How Great Is Our God | G46: Chris Tomlin
B47: 2020 | C47: Passion Collection | D47: 1 | E47: Glorious Day | G47: Kristian Stanfill
B48: 2020 | C48: Passion Collection | D48: 2 | E48: One Thing Remains | G48: Kristian Stanfill
B49: 2020 | C49: Passion Collection | D49: 3 | E49: Even So Come | G49: Chris Tomlin
B50: 2020 | C50: Passion Collection | D50: 4 | E50: There’s Nothing That Our God Can’t Do | G50: Kristian Stanfill
B51: 2020 | C51: Passion Collection | D51: 5 | E51: Here I Am to Worship | G51: Chris Tomlin
B52: 2020 | C52: Passion Collection | D52: 6 | E52: 10,000 Reasons | F52: Bless the Lord | G52: Matt Redman
B53: 2020 | C53: Passion Collection | D53: 7 | E53: How Great Is Our God | G53: Chris Tomlin
B54: 2020 | C54: Passion Collection | D54: 8 | E54: In Christ Alone | G54: Kristian Stanfill
B55: 2020 | C55: Passion Collection | D55: 9 | E55: King of Glory | G55: Kristian Stanfill
B56: 2020 | C56: Passion Collection | D56: 10 | E56: At the Cross | F56: Love Ran Red | G56: Chris Tomlin
B57: 2020 | C57: Passion Collection | D57: 11 | E57: God, You’re So Good | G57: Melodie Malone, Kristian Stanfill
B58: 2020 | C58: Passion Collection | D58: 12 | E58: My Heart Is Yours | G58: Kristian Stanfill
B59: 2020 | C59: Passion Collection | D59: 13 | E59: Build My Life | G59: Brett Younker
B60: 2020 | C60: Passion Collection | D60: 14 | E60: Reckless Love | G60: Melodie Malone
B61: 2020 | C61: Passion Collection | D61: 15 | E61: God's Great Dance Floor | G61: Chris Tomlin
B62: 2020 | C62: Passion Collection | D62: 16 | E62: Worthy of Your Name | G62: Sean Curran
B63: 2020 | C63: Passion Collection | D63: 17 | E63: Praise Him | G63: Melodie Malone
B64: 2020 | C64: Passion Collection | D64: 18 | E64: Holy Ground | G64: Melodie Malone
B65: 2020 | C65: Passion Collection | D65: 19 | E65: The Lord Our God | G65: Passion
B66: 2020 | C66: Passion Collection | D66: 20 | E66: God of Wonders | G66: Chris Tomlin
B67: 2020 | C67: Passion Collection | D67: 21 | E67: You Are My King | F67: Amazing Love | G67: Chris Tomlin
B68: 2020 | C68: Passion Collection | D68: 22 | E68: Whom Shall I Fear | F68: God of Angel Armies | G68: Chris Tomlin
B69: 2020 | C69: Passion Collection | D69: 23 | E69: Way Maker | G69: Cody Carnes, Kari Jobe, Kristian Stanfill
B70: 2020 | C70: Passion Collection | D70: 24 | E70: Follow You Anywhere | G70: Kristian Stanfill
B71: 2020 | C71: Passion Collection | D71: 25 | E71: How He Loves | G71: Crowder
B72: 2020 | C72: Passion Collection | D72: 26 | E72: Forever | G72: Melodie Malone
B73: 2020 | C73: Passion Collection | D73: 27 | E73: Simple Pursuit | G73: Melodie Malone
B74: 2020 | C74: Passion Collection | D74: 28 | E74: Remember | G74: Melodie Malone, Brett Younker
B75: 2020 | C75: Passion Collection | D75: 29 | E75: More Like Jesus | G75: Kristian Stanfill
B76: 2020 | C76: Passion Collection | D76: 30 | E76: Raise a Hallelujah | G76: Brett Younker
B77: 2020 | C77: Passion Collection | D77: 31 | E77: White Flag | G77: Chris Tomlin
B78: 2020 | C78: Passion Collection | D78: 32 | E78: No Turning Back | G78: Chris Tomlin
B79: 2020 | C79: Passion Collection | D79: 33 | E79: Revelation Song | G79: Kari Jobe
B80: 2020 | C80: Passion Collection | D80: 34 | E80: Whole Heart | G80: Kristian Stanfill
... B104: 2020 | C104: Passion Collection | D104: 58 | E104: Take My Life | G104: Chris Tomlin
